Device,Pressure,Temperature,Volumetric Flow,Mass Flow,Set Point,Total,Gas,Date,Time,Elaps. Mill.
A,14.80,23.75,0.22,0.22,100.00,,iButen,02/09/2023,15:48:50.999,139.5118
A,14.80,23.75,0.21,0.22,100.00,,iButen,02/09/2023,15:48:51.312,453.3984
A,14.80,23.75,0.23,0.23,100.00,,iButen,02/09/2023,15:48:51.625,764.7262
A,14.80,23.75,0.21,0.22,100.00,,iButen,02/09/2023,15:48:51.937,1077.2069
A,14.80,23.75,0.21,0.21,100.00,,iButen,02/09/2023,15:48:52.250,1391.3177
A,14.80,23.75,0.25,0.25,100.00,,iButen,02/09/2023,15:48:52.562,1702.2912
A,14.80,23.75,0.25,0.25,100.00,,iButen,02/09/2023,15:48:52.875,2015.4264
A,14.80,23.75,0.27,0.27,100.00,,iButen,02/09/2023,15:48:53.188,2328.9368
A,14.80,23.75,0.22,0.22,100.00,,iButen,02/09/2023,15:48:53.500,2641.4635
A,14.80,23.75,0.23,0.24,100.00,,iButen,02/09/2023,15:48:53.813,2953.4496
A,14.80,23.75,0.23,0.23,100.00,,iButen,02/09/2023,15:48:54.125,3265.089
A,14.80,23.75,0.23,0.24,100.00,,iButen,02/09/2023,15:48:54.438,3577.8086
A,14.80,23.75,0.23,0.23,100.00,,iButen,02/09/2023,15:48:54.750,3891.6183
A,14.80,23.75,0.25,0.26,100.00,,iButen,02/09/2023,15:48:55.063,4204.1447
A,14.80,23.75,0.25,0.26,100.00,,iButen,02/09/2023,15:48:55.375,4515.2033
A,14.80,23.75,0.24,0.25,100.00,,iButen,02/09/2023,15:48:55.688,4828.0241
A,14.80,23.75,0.25,0.26,100.00,,iButen,02/09/2023,15:48:56.001,5142.1574
A,14.80,23.75,0.29,0.29,100.00,,iButen,02/09/2023,15:48:56.313,5454.6706
A,14.80,23.75,0.18,0.18,100.00,,iButen,02/09/2023,15:48:56.626,5766.9767
A,14.80,23.75,0.26,0.26,100.00,,iButen,02/09/2023,15:48:56.938,6078.7727
A,14.80,23.75,0.15,0.15,100.00,,iButen,02/09/2023,15:48:57.251,6390.6026
A,14.80,23.75,0.15,0.15,100.00,,iButen,02/09/2023,15:48:57.563,6704.5328
A,14.80,23.75,0.20,0.20,100.00,,iButen,02/09/2023,15:48:57.876,7017.3199
A,14.80,23.75,0.34,0.34,100.00,,iButen,02/09/2023,15:48:58.188,7329.8307
A,14.80,23.75,0.21,0.21,100.00,,iButen,02/09/2023,15:48:58.501,7642.5749
A,14.80,23.75,0.20,0.20,100.00,,iButen,02/09/2023,15:48:58.814,7953.876
A,14.80,23.75,0.27,0.28,100.00,,iButen,02/09/2023,15:48:59.126,8266.0373
A,14.80,23.75,0.27,0.28,100.00,,iButen,02/09/2023,15:48:59.439,8579.4272
A,14.80,23.75,0.23,0.23,100.00,,iButen,02/09/2023,15:48:59.751,8892.7364
A,14.80,23.75,0.27,0.27,100.00,,iButen,02/09/2023,15:49:00.064,9205.4746
A,14.80,23.75,0.30,0.30,100.00,,iButen,02/09/2023,15:49:00.377,9518.0193
A,14.80,23.75,0.30,0.30,100.00,,iButen,02/09/2023,15:49:00.689,9829.2996
A,14.80,23.75,0.36,0.36,100.00,,iButen,02/09/2023,15:49:01.002,10143.4329
A,14.80,23.75,0.35,0.36,100.00,,iButen,02/09/2023,15:49:01.315,10455.9064
A,14.80,23.75,0.24,0.24,100.00,,iButen,02/09/2023,15:49:01.627,10767.0272
A,14.80,23.75,0.24,0.24,100.00,,iButen,02/09/2023,15:49:01.939,11079.6215
A,14.80,23.75,0.27,0.28,100.00,,iButen,02/09/2023,15:49:02.252,11393.5424
A,14.80,23.75,0.23,0.23,100.00,,iButen,02/09/2023,15:49:02.565,11706.0543
A,14.80,23.75,0.28,0.28,100.00,,iButen,02/09/2023,15:49:02.877,12018.5975
A,14.80,23.75,0.29,0.29,100.00,,iButen,02/09/2023,15:49:03.190,12331.0353
A,14.80,23.75,0.30,0.30,100.00,,iButen,02/09/2023,15:49:03.502,12642.644
A,14.80,23.75,0.30,0.31,100.00,,iButen,02/09/2023,15:49:03.815,12956.1391
A,14.80,23.75,0.30,0.31,100.00,,iButen,02/09/2023,15:49:04.127,13267.2115
A,14.80,23.75,0.30,0.31,100.00,,iButen,02/09/2023,15:49:04.440,13580.521
A,14.80,23.75,0.30,0.30,100.00,,iButen,02/09/2023,15:49:04.753,13894.2766
A,14.80,23.75,0.25,0.26,100.00,,iButen,02/09/2023,15:49:05.066,14206.8246
A,14.80,23.75,0.30,0.30,100.00,,iButen,02/09/2023,15:49:05.378,14518.2146
A,14.80,23.75,0.31,0.31,100.00,,iButen,02/09/2023,15:49:05.691,14832.0853
A,14.80,23.75,0.29,0.30,100.00,,iButen,02/09/2023,15:49:06.003,15144.4867
A,14.80,23.75,0.35,0.35,100.00,,iButen,02/09/2023,15:49:06.316,15457.145
A,14.80,23.75,0.32,0.33,100.00,,iButen,02/09/2023,15:49:06.628,15769.6061
A,14.80,23.75,0.32,0.33,100.00,,iButen,02/09/2023,15:49:06.941,16082.619
A,14.80,23.75,0.33,0.33,100.00,,iButen,02/09/2023,15:49:07.253,16394.7235
A,14.80,23.75,0.33,0.33,100.00,,iButen,02/09/2023,15:49:07.566,16707.3199
A,14.80,23.75,0.34,0.34,100.00,,iButen,02/09/2023,15:49:07.878,17019.8337
A,14.80,23.75,0.33,0.34,100.00,,iButen,02/09/2023,15:49:08.191,17332.6197
A,14.80,23.75,0.34,0.34,100.00,,iButen,02/09/2023,15:49:08.504,17645.1379
A,14.80,23.75,0.31,0.31,100.00,,iButen,02/09/2023,15:49:08.816,17957.6727
A,14.80,23.75,0.33,0.33,100.00,,iButen,02/09/2023,15:49:09.129,18270.3436
A,14.80,23.75,0.33,0.33,100.00,,iButen,02/09/2023,15:49:09.442,18581.6465
A,14.80,23.75,0.33,0.34,100.00,,iButen,02/09/2023,15:49:09.754,18895.5424
A,14.80,23.75,0.33,0.33,100.00,,iButen,02/09/2023,15:49:10.067,19208.0959
A,14.80,23.75,0.30,0.31,100.00,,iButen,02/09/2023,15:49:10.379,19519.168
A,14.80,23.75,0.28,0.29,100.00,,iButen,02/09/2023,15:49:10.692,19832.6132
A,14.80,23.75,0.32,0.32,100.00,,iButen,02/09/2023,15:49:11.004,20145.5783
A,14.80,23.75,0.29,0.29,100.00,,iButen,02/09/2023,15:49:11.317,20456.9094
A,14.80,23.75,0.29,0.30,100.00,,iButen,02/09/2023,15:49:11.629,20769.4241
A,14.80,23.75,0.29,0.30,100.00,,iButen,02/09/2023,15:49:11.942,21082.0709
A,14.80,23.75,0.29,0.29,100.00,,iButen,02/09/2023,15:49:12.255,21395.8106
A,14.80,23.75,0.30,0.30,100.00,,iButen,02/09/2023,15:49:12.567,21708.355
A,14.80,23.75,0.29,0.30,100.00,,iButen,02/09/2023,15:49:12.880,22020.9866
A,14.80,23.75,0.30,0.30,100.00,,iButen,02/09/2023,15:49:13.192,22333.4192
A,14.80,23.75,0.29,0.29,100.00,,iButen,02/09/2023,15:49:13.505,22646.3317
A,14.80,23.75,0.29,0.29,100.00,,iButen,02/09/2023,15:49:13.817,22957.2557
A,14.80,23.75,0.30,0.30,100.00,,iButen,02/09/2023,15:49:14.130,23271.438
A,14.80,23.75,0.29,0.30,100.00,,iButen,02/09/2023,15:49:14.443,23582.8394
A,14.80,23.75,0.30,0.30,100.00,,iButen,02/09/2023,15:49:14.755,23896.4466
A,14.80,23.75,0.30,0.30,100.00,,iButen,02/09/2023,15:49:15.068,24208.683
A,14.80,23.75,0.30,0.31,100.00,,iButen,02/09/2023,15:49:15.380,24521.6595
A,14.80,23.75,0.29,0.29,100.00,,iButen,02/09/2023,15:49:15.693,24834.0744
A,14.80,23.75,0.30,0.30,100.00,,iButen,02/09/2023,15:49:16.005,25146.7411
A,14.80,23.75,0.30,0.30,100.00,,iButen,02/09/2023,15:49:16.318,25457.5647
A,14.80,23.75,0.30,0.30,100.00,,iButen,02/09/2023,15:49:16.631,25770.4246
A,14.80,23.75,0.32,0.32,100.00,,iButen,02/09/2023,15:49:16.943,26083.4029
A,14.80,23.75,0.28,0.28,100.00,,iButen,02/09/2023,15:49:17.256,26397.1345
A,14.80,23.75,0.27,0.28,100.00,,iButen,02/09/2023,15:49:17.568,26709.3096
A,14.80,23.75,0.31,0.32,100.00,,iButen,02/09/2023,15:49:17.880,27020.3249
A,14.80,23.75,0.29,0.29,100.00,,iButen,02/09/2023,15:49:18.193,27332.7405
A,14.80,23.75,0.26,0.26,100.00,,iButen,02/09/2023,15:49:18.506,27646.7343
A,14.80,23.75,0.26,0.26,100.00,,iButen,02/09/2023,15:49:18.818,27957.7929
A,14.80,23.75,0.30,0.31,100.00,,iButen,02/09/2023,15:49:19.131,28271.9343
A,14.80,23.75,0.28,0.28,100.00,,iButen,02/09/2023,15:49:19.443,28583.745
A,14.80,23.75,0.31,0.32,100.00,,iButen,02/09/2023,15:49:19.756,28895.9874
A,14.80,23.75,0.25,0.25,100.00,,iButen,02/09/2023,15:49:20.068,29209.268
A,14.80,23.75,0.24,0.25,100.00,,iButen,02/09/2023,15:49:20.381,29522.4647
A,14.80,23.75,0.27,0.28,100.00,,iButen,02/09/2023,15:49:20.694,29834.0314
A,14.80,23.75,0.37,0.37,100.00,,iButen,02/09/2023,15:49:21.006,30147.5121
A,14.80,23.75,0.37,0.37,100.00,,iButen,02/09/2023,15:49:21.319,30458.4163
A,14.80,23.75,0.33,0.33,100.00,,iButen,02/09/2023,15:49:21.631,30772.5556
A,14.80,23.75,0.23,0.24,100.00,,iButen,02/09/2023,15:49:21.944,31084.3563
A,14.80,23.75,0.13,0.13,100.00,,iButen,02/09/2023,15:49:22.257,31397.9346
A,14.80,23.75,0.30,0.30,100.00,,iButen,02/09/2023,15:49:22.569,31709.1351
A,14.80,23.75,0.29,0.29,100.00,,iButen,02/09/2023,15:49:22.882,32022.0956
A,14.80,23.75,0.07,0.07,100.00,,iButen,02/09/2023,15:49:23.194,32335.5736
A,14.80,23.75,0.07,0.07,100.00,,iButen,02/09/2023,15:49:23.507,32648.5179
A,14.80,23.75,0.58,0.59,100.00,,iButen,02/09/2023,15:49:23.819,32960.566
A,14.80,23.75,0.34,0.34,100.00,,iButen,02/09/2023,15:49:24.132,33273.0779
A,14.80,23.75,0.38,0.39,100.00,,iButen,02/09/2023,15:49:24.444,33585.0731
A,14.80,23.75,0.36,0.37,100.00,,iButen,02/09/2023,15:49:24.757,33898.2169
A,14.80,23.74,0.21,0.21,100.00,,iButen,02/09/2023,15:49:25.069,34209.3278
A,14.80,23.75,0.29,0.30,100.00,,iButen,02/09/2023,15:49:25.382,34522.8082
A,14.80,23.75,0.26,0.27,100.00,,iButen,02/09/2023,15:49:25.695,34836.1236
A,14.80,23.75,0.26,0.27,100.00,,iButen,02/09/2023,15:49:26.008,35148.8408
A,14.80,23.75,0.29,0.30,100.00,,iButen,02/09/2023,15:49:26.320,35461.1977
A,14.80,23.74,0.38,0.38,100.00,,iButen,02/09/2023,15:49:26.633,35773.8809
A,14.80,23.74,0.21,0.21,100.00,,iButen,02/09/2023,15:49:26.945,36085.368
A,14.80,23.75,0.04,0.06,100.00,,iButen,02/09/2023,15:49:27.258,36398.9178
A,14.80,23.74,-1.39,-1.41,100.00,,iButen,02/09/2023,15:49:27.570,36710.1119
A,14.80,23.75,-0.28,-0.28,100.00,,iButen,02/09/2023,15:49:27.883,37024.2854
A,14.80,23.75,3.05,3.09,100.00,,iButen,02/09/2023,15:49:28.195,37336.4678
A,14.80,23.75,3.05,3.09,100.00,,iButen,02/09/2023,15:49:28.508,37649.2826
A,14.80,23.75,1.26,1.29,100.00,,iButen,02/09/2023,15:49:28.820,37961.5773
A,14.80,23.75,3.29,3.33,100.00,,iButen,02/09/2023,15:49:29.133,38274.1212
A,14.80,23.74,5.40,5.46,100.00,,iButen,02/09/2023,15:49:29.445,38586.3128
A,14.80,23.74,7.72,7.80,100.00,,iButen,02/09/2023,15:49:29.758,38897.6872
A,14.80,23.75,8.82,8.91,100.00,,iButen,02/09/2023,15:49:30.070,39211.6297
A,14.80,23.75,8.02,8.11,100.00,,iButen,02/09/2023,15:49:30.383,39524.2988
A,14.80,23.75,7.84,7.93,100.00,,iButen,02/09/2023,15:49:30.696,39836.7783
A,14.80,23.75,7.84,7.93,100.00,,iButen,02/09/2023,15:49:31.008,40148.8579
A,14.80,23.75,8.04,8.14,100.00,,iButen,02/09/2023,15:49:31.321,40460.5739
A,14.80,23.75,9.69,9.80,100.00,,iButen,02/09/2023,15:49:31.633,40774.4074
A,14.80,23.75,10.37,10.50,100.00,,iButen,02/09/2023,15:49:31.946,41085.7769
A,14.80,23.75,12.97,13.11,100.00,,iButen,02/09/2023,15:49:32.258,41399.3973
A,14.80,23.75,12.91,13.05,100.00,,iButen,02/09/2023,15:49:32.571,41711.8844
A,14.80,23.75,14.41,14.59,100.00,,iButen,02/09/2023,15:49:32.883,42023.2482
A,14.80,23.74,16.26,16.44,100.00,,iButen,02/09/2023,15:49:33.196,42336.9657
A,14.80,23.74,16.26,16.44,100.00,,iButen,02/09/2023,15:49:33.508,42647.9407
A,14.80,23.75,12.06,12.20,100.00,,iButen,02/09/2023,15:49:33.821,42961.8997
A,14.80,23.75,12.68,12.83,100.00,,iButen,02/09/2023,15:49:34.134,43274.6326
A,14.80,23.75,15.23,15.40,100.00,,iButen,02/09/2023,15:49:34.446,43586.0382
A,14.80,23.75,16.41,16.59,100.00,,iButen,02/09/2023,15:49:34.758,43898.0985
A,14.80,23.75,15.76,15.93,100.00,,iButen,02/09/2023,15:49:35.071,44212.2478
A,14.80,23.75,16.18,16.36,100.00,,iButen,02/09/2023,15:49:35.384,44524.9737
A,14.80,23.75,15.93,16.10,100.00,,iButen,02/09/2023,15:49:35.696,44837.3062
A,14.80,23.75,15.93,16.10,100.00,,iButen,02/09/2023,15:49:36.008,45148.4424
A,14.80,23.75,16.30,16.53,100.00,,iButen,02/09/2023,15:49:36.321,45462.2148
A,14.80,23.75,17.92,18.11,100.00,,iButen,02/09/2023,15:49:36.634,45774.8683
A,14.80,23.75,15.66,15.84,100.00,,iButen,02/09/2023,15:49:36.946,46086.3692
A,14.80,23.75,15.36,15.53,100.00,,iButen,02/09/2023,15:49:37.259,46399.9487
A,14.80,23.75,15.23,15.41,100.00,,iButen,02/09/2023,15:49:37.571,46712.5586
A,14.80,23.75,17.69,17.89,100.00,,iButen,02/09/2023,15:49:37.884,47025.3876
A,14.80,23.75,17.70,17.90,100.00,,iButen,02/09/2023,15:49:38.197,47337.9572
A,14.80,23.75,17.70,17.90,100.00,,iButen,02/09/2023,15:49:38.509,47650.2108
A,14.80,23.75,17.79,18.00,100.00,,iButen,02/09/2023,15:49:38.822,47962.9733
A,14.80,23.75,18.77,18.98,100.00,,iButen,02/09/2023,15:49:39.134,48275.3318
A,14.80,23.75,18.91,19.12,100.00,,iButen,02/09/2023,15:49:39.447,48587.5267
A,14.80,23.75,17.69,17.89,100.00,,iButen,02/09/2023,15:49:39.760,48899.6547
A,14.80,23.75,16.89,17.08,100.00,,iButen,02/09/2023,15:49:40.072,49212.5437
A,14.80,23.75,16.89,17.08,100.00,,iButen,02/09/2023,15:49:40.385,49525.9808
A,14.80,23.75,18.66,18.87,100.00,,iButen,02/09/2023,15:49:40.697,49838.2022
A,14.80,23.75,18.03,18.23,100.00,,iButen,02/09/2023,15:49:41.010,50150.701
A,14.80,23.75,18.24,18.46,100.00,,iButen,02/09/2023,15:49:41.322,50461.6884
A,14.80,23.75,19.85,20.07,100.00,,iButen,02/09/2023,15:49:41.635,50776.1017
A,14.80,23.75,18.58,18.79,100.00,,iButen,02/09/2023,15:49:41.947,51087.5954
A,14.80,23.75,17.67,17.87,100.00,,iButen,02/09/2023,15:49:42.260,51399.7435
A,14.80,23.75,19.46,19.69,100.00,,iButen,02/09/2023,15:49:42.573,51713.692
A,14.80,23.75,19.75,19.96,100.00,,iButen,02/09/2023,15:49:42.885,52025.2079
A,14.80,23.75,19.75,19.96,100.00,,iButen,02/09/2023,15:49:43.198,52339.2057
A,14.80,23.75,17.80,18.00,100.00,,iButen,02/09/2023,15:49:43.511,52651.7173
A,14.80,23.75,18.08,18.29,100.00,,iButen,02/09/2023,15:49:43.823,52964.2392
A,14.80,23.75,20.33,20.56,100.00,,iButen,02/09/2023,15:49:44.136,53276.7821
A,14.80,23.75,19.96,20.19,100.00,,iButen,02/09/2023,15:49:44.448,53587.9961
A,14.80,23.75,18.64,18.85,100.00,,iButen,02/09/2023,15:49:44.761,53900.4656
A,14.80,23.75,18.64,18.85,100.00,,iButen,02/09/2023,15:49:45.073,54214.3321
A,14.80,23.75,16.75,16.94,100.00,,iButen,02/09/2023,15:49:45.386,54527.0911
A,14.80,23.75,17.03,17.23,100.00,,iButen,02/09/2023,15:49:45.698,54839.4492
A,14.80,23.75,17.85,18.06,100.00,,iButen,02/09/2023,15:49:46.011,55150.7046
A,14.80,23.75,17.82,18.03,100.00,,iButen,02/09/2023,15:49:46.323,55464.5074
A,14.80,23.75,17.33,17.52,100.00,,iButen,02/09/2023,15:49:46.636,55777.2468
A,14.80,23.75,16.95,17.14,100.00,,iButen,02/09/2023,15:49:46.949,56088.9917
A,14.80,23.75,16.68,16.87,100.00,,iButen,02/09/2023,15:49:47.261,56402.3996
A,14.80,23.75,16.68,16.87,100.00,,iButen,02/09/2023,15:49:47.574,56714.9272
A,14.80,23.75,16.47,16.66,100.00,,iButen,02/09/2023,15:49:47.886,57026.2379
A,14.80,23.75,15.40,15.58,100.00,,iButen,02/09/2023,15:49:48.199,57338.7039
A,14.80,23.75,15.97,16.14,100.00,,iButen,02/09/2023,15:49:48.512,57651.3859
A,14.80,23.75,17.42,17.62,100.00,,iButen,02/09/2023,15:49:48.824,57964.1139
A,14.80,23.75,18.79,18.99,100.00,,iButen,02/09/2023,15:49:49.137,58277.5315
A,14.80,23.75,16.74,16.93,100.00,,iButen,02/09/2023,15:49:49.450,58589.9016
A,14.80,23.75,16.54,16.73,100.00,,iButen,02/09/2023,15:49:49.763,58903.4902
A,14.80,23.75,16.67,16.86,100.00,,iButen,02/09/2023,15:49:50.075,59216.747
A,14.80,23.75,16.67,16.86,100.00,,iButen,02/09/2023,15:49:50.388,59527.6022
A,14.80,23.75,15.65,15.82,100.00,,iButen,02/09/2023,15:49:50.700,59840.2082
A,14.80,23.75,15.05,15.22,100.00,,iButen,02/09/2023,15:49:51.013,60152.8082
A,14.80,23.75,15.83,16.01,100.00,,iButen,02/09/2023,15:49:51.325,60466.4559
A,14.80,23.75,16.38,16.57,100.00,,iButen,02/09/2023,15:49:51.638,60778.9393
A,14.80,23.75,15.92,16.11,100.00,,iButen,02/09/2023,15:49:51.951,61090.4766
A,14.80,23.75,15.59,15.77,100.00,,iButen,02/09/2023,15:49:52.263,61404.0402
A,14.80,23.75,15.82,16.00,100.00,,iButen,02/09/2023,15:49:52.576,61716.5993
A,14.80,23.75,15.82,16.00,100.00,,iButen,02/09/2023,15:49:52.888,62027.7958
A,14.80,23.75,15.06,15.23,100.00,,iButen,02/09/2023,15:49:53.201,62341.6731
A,14.80,23.75,14.65,14.82,100.00,,iButen,02/09/2023,15:49:53.513,62654.1547
A,14.80,23.75,14.95,15.11,100.00,,iButen,02/09/2023,15:49:53.826,62966.7082
A,14.80,23.75,16.17,16.36,100.00,,iButen,02/09/2023,15:49:54.138,63279.1567
A,14.80,23.75,15.91,16.08,100.00,,iButen,02/09/2023,15:49:54.451,63591.2297
A,14.80,23.75,15.21,15.38,100.00,,iButen,02/09/2023,15:49:54.764,63904.4111
A,14.80,23.75,15.61,15.79,100.00,,iButen,02/09/2023,15:49:55.076,64217.1743
A,14.80,23.75,17.49,17.68,100.00,,iButen,02/09/2023,15:49:55.389,64528.3203
A,14.80,23.75,17.49,17.68,100.00,,iButen,02/09/2023,15:49:55.701,64840.6376
A,14.80,23.75,16.37,16.56,100.00,,iButen,02/09/2023,15:49:56.014,65154.7688
A,14.80,23.75,16.57,16.76,100.00,,iButen,02/09/2023,15:49:56.326,65467.1401
A,14.80,23.75,16.81,17.00,100.00,,iButen,02/09/2023,15:49:56.639,65779.8528
A,14.80,23.75,16.85,17.04,100.00,,iButen,02/09/2023,15:49:56.952,66091.591
A,14.80,23.75,15.91,16.09,100.00,,iButen,02/09/2023,15:49:57.264,66405.1706
A,14.80,23.75,16.28,16.46,100.00,,iButen,02/09/2023,15:49:57.577,66716.4395
A,14.80,23.75,16.98,17.17,100.00,,iButen,02/09/2023,15:49:57.889,67028.8412
A,14.80,23.75,16.98,17.17,100.00,,iButen,02/09/2023,15:49:58.202,67341.2068
A,14.80,23.75,16.85,17.04,100.00,,iButen,02/09/2023,15:49:58.514,67655.268
A,14.80,23.75,6.77,6.84,100.00,,iButen,02/09/2023,15:49:58.827,67967.8112
A,14.80,23.75,8.66,8.75,100.00,,iButen,02/09/2023,15:49:59.139,68278.8136
A,14.80,23.75,12.53,12.68,100.00,,iButen,02/09/2023,15:49:59.452,68592.2693
A,14.80,23.75,14.61,14.77,100.00,,iButen,02/09/2023,15:49:59.764,68905.3285
A,14.80,23.75,13.39,13.54,100.00,,iButen,02/09/2023,15:50:00.077,69217.7812
A,14.80,23.75,13.73,13.88,100.00,,iButen,02/09/2023,15:50:00.390,69529.1574
A,14.80,23.75,13.73,13.88,100.00,,iButen,02/09/2023,15:50:00.702,69843.428
A,14.80,23.75,15.08,15.25,100.00,,iButen,02/09/2023,15:50:01.015,70155.8904
A,14.80,23.75,14.16,14.32,100.00,,iButen,02/09/2023,15:50:01.328,70468.4712
A,14.80,23.75,13.93,14.09,100.00,,iButen,02/09/2023,15:50:01.640,70780.9633
A,14.80,23.75,13.40,13.55,100.00,,iButen,02/09/2023,15:50:01.952,71091.9227
A,14.80,23.75,13.40,13.55,100.00,,iButen,02/09/2023,15:50:02.265,71404.4843
A,14.80,23.75,13.39,13.54,100.00,,iButen,02/09/2023,15:50:02.578,71718.5692
A,14.80,23.75,13.84,14.00,100.00,,iButen,02/09/2023,15:50:02.890,72029.7624
A,14.80,23.75,13.96,14.12,100.00,,iButen,02/09/2023,15:50:03.203,72343.3894
A,14.80,23.75,14.22,14.39,100.00,,iButen,02/09/2023,15:50:03.515,72656.1589
A,14.80,23.75,13.34,13.50,100.00,,iButen,02/09/2023,15:50:03.828,72967.5236
A,14.80,23.75,13.86,14.02,100.00,,iButen,02/09/2023,15:50:04.140,73281.2627
A,14.80,23.75,12.65,12.79,100.00,,iButen,02/09/2023,15:50:04.453,73592.5698
A,14.80,23.75,12.65,12.79,100.00,,iButen,02/09/2023,15:50:04.766,73906.6592
A,14.80,23.75,12.80,12.95,100.00,,iButen,02/09/2023,15:50:05.078,74219.2595
A,14.80,23.75,13.05,13.21,100.00,,iButen,02/09/2023,15:50:05.391,74530.5236
A,14.80,23.75,12.73,12.87,100.00,,iButen,02/09/2023,15:50:05.703,74844.2153
A,14.80,23.75,11.71,11.84,100.00,,iButen,02/09/2023,15:50:06.016,75155.5635
A,14.80,23.75,12.16,12.30,100.00,,iButen,02/09/2023,15:50:06.329,75469.412
A,14.80,23.75,13.59,13.74,100.00,,iButen,02/09/2023,15:50:06.641,75781.9074
A,14.80,23.75,12.58,12.72,100.00,,iButen,02/09/2023,15:50:06.954,76093.112
A,14.80,23.75,12.58,12.72,100.00,,iButen,02/09/2023,15:50:07.266,76406.9695
A,14.80,23.75,14.94,15.11,100.00,,iButen,02/09/2023,15:50:07.579,76719.5638
A,14.80,23.75,14.59,14.75,100.00,,iButen,02/09/2023,15:50:07.891,77030.7663
A,14.80,23.75,14.44,14.60,100.00,,iButen,02/09/2023,15:50:08.203,77342.9883
A,14.80,23.75,14.41,14.56,100.00,,iButen,02/09/2023,15:50:08.516,77656.7541
A,14.80,23.75,14.27,14.43,100.00,,iButen,02/09/2023,15:50:08.829,77969.437
A,14.80,23.75,15.67,15.85,100.00,,iButen,02/09/2023,15:50:09.141,78282.2011
A,14.80,23.75,15.35,15.52,100.00,,iButen,02/09/2023,15:50:09.454,78593.4111
A,14.80,23.75,15.35,15.52,100.00,,iButen,02/09/2023,15:50:09.766,78906.9164
A,14.80,23.75,15.47,15.65,100.00,,iButen,02/09/2023,15:50:10.079,79219.8001
A,14.80,23.75,16.15,16.33,100.00,,iButen,02/09/2023,15:50:10.391,79531.0278
A,14.80,23.75,13.38,13.53,100.00,,iButen,02/09/2023,15:50:10.704,79845.1714
A,14.80,23.75,12.32,12.46,100.00,,iButen,02/09/2023,15:50:11.017,80157.3871
A,14.80,23.75,12.32,12.46,100.00,,iButen,02/09/2023,15:50:11.329,80468.6397
A,14.80,23.75,13.05,13.21,100.00,,iButen,02/09/2023,15:50:11.642,80782.4419
A,14.80,23.75,13.05,13.21,100.00,,iButen,02/09/2023,15:50:11.954,81093.5901
A,14.80,23.75,13.76,13.91,100.00,,iButen,02/09/2023,15:50:12.266,81407.1852
A,14.80,23.75,12.23,12.37,100.00,,iButen,02/09/2023,15:50:12.579,81720.0686
A,14.80,23.75,12.45,12.60,100.00,,iButen,02/09/2023,15:50:12.892,82031.3657
A,14.80,23.75,14.81,14.98,100.00,,iButen,02/09/2023,15:50:13.204,82344.9528
A,14.80,23.75,14.67,14.84,100.00,,iButen,02/09/2023,15:50:13.517,82657.7093
A,14.80,23.75,14.04,14.20,100.00,,iButen,02/09/2023,15:50:13.829,82969.8156
A,14.80,23.75,15.93,16.11,100.00,,iButen,02/09/2023,15:50:14.142,83282.8186
A,14.80,23.75,15.93,16.11,100.00,,iButen,02/09/2023,15:50:14.454,83594.0328
A,14.80,23.75,16.05,16.22,100.00,,iButen,02/09/2023,15:50:14.767,83907.8933
A,14.80,23.75,15.39,15.56,100.00,,iButen,02/09/2023,15:50:15.079,84220.1709
A,14.80,23.75,15.74,15.91,100.00,,iButen,02/09/2023,15:50:15.392,84531.3274
A,14.80,23.75,14.02,14.17,100.00,,iButen,02/09/2023,15:50:15.705,84845.2582
A,14.80,23.75,14.50,14.67,100.00,,iButen,02/09/2023,15:50:16.017,85157.9673
A,14.80,23.75,14.56,14.73,100.00,,iButen,02/09/2023,15:50:16.330,85470.5
A,14.80,23.75,15.50,15.67,100.00,,iButen,02/09/2023,15:50:16.642,85783.0915
A,14.80,23.75,15.50,15.67,100.00,,iButen,02/09/2023,15:50:16.955,86095.3592
A,14.80,23.75,15.90,16.08,100.00,,iButen,02/09/2023,15:50:17.267,86408.1485
A,14.80,23.75,15.03,15.20,100.00,,iButen,02/09/2023,15:50:17.580,86720.6593
A,14.80,23.75,14.91,15.07,100.00,,iButen,02/09/2023,15:50:17.892,87031.9207
A,14.80,23.75,14.19,14.34,100.00,,iButen,02/09/2023,15:50:18.205,87345.3464
A,14.80,23.75,14.34,14.51,100.00,,iButen,02/09/2023,15:50:18.517,87656.6577
A,14.80,23.75,13.80,13.96,100.00,,iButen,02/09/2023,15:50:18.830,87969.1991
A,14.80,23.75,14.69,14.86,100.00,,iButen,02/09/2023,15:50:19.142,88282.0767
A,14.80,23.75,14.69,14.86,100.00,,iButen,02/09/2023,15:50:19.455,88594.8861
A,14.80,23.75,15.40,15.56,100.00,,iButen,02/09/2023,15:50:19.768,88908.3914
A,14.80,23.75,14.62,14.78,100.00,,iButen,02/09/2023,15:50:20.080,89220.9202
A,14.80,23.75,13.58,13.72,100.00,,iButen,02/09/2023,15:50:20.393,89532.0942
A,14.80,23.75,13.94,14.08,100.00,,iButen,02/09/2023,15:50:20.705,89845.93
A,14.80,23.75,14.15,14.32,100.00,,iButen,02/09/2023,15:50:21.018,90157.381
A,14.80,23.75,13.84,14.01,100.00,,iButen,02/09/2023,15:50:21.330,90470.9197
A,14.80,23.75,13.84,14.01,100.00,,iButen,02/09/2023,15:50:21.643,90781.9918
A,14.80,23.75,14.27,14.43,100.00,,iButen,02/09/2023,15:50:21.955,91094.9308
A,14.80,23.75,13.74,13.89,100.00,,iButen,02/09/2023,15:50:22.268,91408.6473
A,14.80,23.75,13.92,14.07,100.00,,iButen,02/09/2023,15:50:22.581,91721.4549
A,14.80,23.75,12.99,13.13,100.00,,iButen,02/09/2023,15:50:22.893,92032.6917
A,14.80,23.75,12.61,12.76,100.00,,iButen,02/09/2023,15:50:23.206,92346.5459
A,14.80,23.75,13.38,13.53,100.00,,iButen,02/09/2023,15:50:23.518,92659.0596
A,14.80,23.75,13.43,13.57,100.00,,iButen,02/09/2023,15:50:23.831,92970.3622
A,14.80,23.75,13.43,13.57,100.00,,iButen,02/09/2023,15:50:24.143,93282.6981
A,14.80,23.75,12.83,12.98,100.00,,iButen,02/09/2023,15:50:24.456,93595.741
A,14.80,23.75,12.89,13.04,100.00,,iButen,02/09/2023,15:50:24.768,93909.1366
A,14.80,23.75,12.41,12.54,100.00,,iButen,02/09/2023,15:50:25.081,94221.6918
A,14.80,23.75,12.80,12.94,100.00,,iButen,02/09/2023,15:50:25.394,94532.8944
A,14.80,23.75,13.23,13.38,100.00,,iButen,02/09/2023,15:50:25.706,94846.8576
A,14.80,23.75,12.73,12.88,100.00,,iButen,02/09/2023,15:50:26.019,95159.3659
A,14.80,23.75,11.14,11.27,100.00,,iButen,02/09/2023,15:50:26.331,95471.908
A,14.80,23.75,11.14,11.27,100.00,,iButen,02/09/2023,15:50:26.643,95782.8497
A,14.80,23.75,10.79,10.91,100.00,,iButen,02/09/2023,15:50:26.956,96095.9235
A,14.80,23.75,11.58,11.71,100.00,,iButen,02/09/2023,15:50:27.269,96409.448
A,14.80,23.75,11.96,12.09,100.00,,iButen,02/09/2023,15:50:27.581,96721.7704
A,14.80,23.75,11.12,11.24,100.00,,iButen,02/09/2023,15:50:27.894,97033.2428
A,14.80,23.75,11.38,11.50,100.00,,iButen,02/09/2023,15:50:28.206,97346.9948
A,14.80,23.75,10.87,10.98,100.00,,iButen,02/09/2023,15:50:28.519,97659.6158
A,14.80,23.75,10.96,11.08,100.00,,iButen,02/09/2023,15:50:28.832,97972.4835
A,14.80,23.75,10.96,11.08,100.00,,iButen,02/09/2023,15:50:29.144,98283.4339
A,14.80,23.75,12.05,12.18,100.00,,iButen,02/09/2023,15:50:29.457,98597.5762
A,14.80,23.75,12.65,12.80,100.00,,iButen,02/09/2023,15:50:29.769,98910.1835
A,14.80,23.75,13.16,13.30,100.00,,iButen,02/09/2023,15:50:30.082,99222.6359
A,14.80,23.75,12.68,12.82,100.00,,iButen,02/09/2023,15:50:30.394,99534.3925
A,14.80,23.75,11.26,11.38,100.00,,iButen,02/09/2023,15:50:30.707,99848.1691
A,14.80,23.75,11.38,11.50,100.00,,iButen,02/09/2023,15:50:31.020,100160.4086
A,14.80,23.75,12.59,12.74,100.00,,iButen,02/09/2023,15:50:31.332,100473.0747
A,14.80,23.75,11.67,11.80,100.00,,iButen,02/09/2023,15:50:31.645,100784.0263
A,14.80,23.75,11.67,11.80,100.00,,iButen,02/09/2023,15:50:31.957,101098.1332
A,14.80,23.75,10.65,10.77,100.00,,iButen,02/09/2023,15:50:32.270,101410.6625
A,14.80,23.75,10.77,10.88,100.00,,iButen,02/09/2023,15:50:32.583,101723.1865
A,14.80,23.75,11.48,11.61,100.00,,iButen,02/09/2023,15:50:32.895,102034.4966
A,14.80,23.75,11.84,11.97,100.00,,iButen,02/09/2023,15:50:33.207,102348.068
A,14.80,23.75,10.47,10.58,100.00,,iButen,02/09/2023,15:50:33.520,102660.6404
A,14.80,23.75,9.51,9.62,100.00,,iButen,02/09/2023,15:50:33.833,102973.2257
A,14.80,23.75,9.51,9.62,100.00,,iButen,02/09/2023,15:50:34.145,103284.5216
A,14.80,23.75,10.69,10.81,100.00,,iButen,02/09/2023,15:50:34.458,103597.8689
A,14.80,23.75,10.53,10.64,100.00,,iButen,02/09/2023,15:50:34.770,103910.9154
A,14.80,23.75,9.84,9.95,100.00,,iButen,02/09/2023,15:50:35.083,104223.5232
A,14.80,23.75,11.96,12.09,100.00,,iButen,02/09/2023,15:50:35.395,104534.6731
A,14.80,23.75,12.15,12.29,100.00,,iButen,02/09/2023,15:50:35.708,104848.545
A,14.80,23.75,11.09,11.21,100.00,,iButen,02/09/2023,15:50:36.021,105160.0405
A,14.80,23.75,10.96,11.08,100.00,,iButen,02/09/2023,15:50:36.333,105472.6856
A,14.80,23.75,10.96,11.08,100.00,,iButen,02/09/2023,15:50:36.646,105785.8372
A,14.80,23.75,11.50,11.63,100.00,,iButen,02/09/2023,15:50:36.958,106099.0159
A,14.80,23.75,11.00,11.12,100.00,,iButen,02/09/2023,15:50:37.271,106410.3227
A,14.80,23.75,11.18,11.31,100.00,,iButen,02/09/2023,15:50:37.583,106724.0759
A,14.80,23.75,11.72,11.85,100.00,,iButen,02/09/2023,15:50:37.896,107035.2156
A,14.80,23.75,10.63,10.75,100.00,,iButen,02/09/2023,15:50:38.208,107349.1711
A,14.80,23.75,10.72,10.84,100.00,,iButen,02/09/2023,15:50:38.521,107661.6325
A,14.80,23.75,10.55,10.67,100.00,,iButen,02/09/2023,15:50:38.834,107974.2142
A,14.80,23.75,10.81,10.93,100.00,,iButen,02/09/2023,15:50:39.146,108286.8304
A,14.80,23.75,10.81,10.93,100.00,,iButen,02/09/2023,15:50:39.458,108597.8226
A,14.80,23.75,11.30,11.43,100.00,,iButen,02/09/2023,15:50:39.771,108911.8069
A,14.80,23.75,10.96,11.09,100.00,,iButen,02/09/2023,15:50:40.084,109224.2924
A,14.80,23.75,11.08,11.20,100.00,,iButen,02/09/2023,15:50:40.396,109536.5496
A,14.80,23.75,11.69,11.82,100.00,,iButen,02/09/2023,15:50:40.709,109849.42
A,14.80,23.75,12.57,12.71,100.00,,iButen,02/09/2023,15:50:41.021,110160.7932
A,14.80,23.75,12.42,12.56,100.00,,iButen,02/09/2023,15:50:41.334,110474.4511
A,14.80,23.75,11.49,11.62,100.00,,iButen,02/09/2023,15:50:41.646,110787.0259
A,14.80,23.75,11.49,11.62,100.00,,iButen,02/09/2023,15:50:41.959,111099.5439
A,14.80,23.75,11.35,11.48,100.00,,iButen,02/09/2023,15:50:42.271,111412.1105
A,14.80,23.75,12.73,12.88,100.00,,iButen,02/09/2023,15:50:42.584,111723.0432
A,14.80,23.75,11.99,12.13,100.00,,iButen,02/09/2023,15:50:42.896,112036.4494
A,14.80,23.75,11.77,11.89,100.00,,iButen,02/09/2023,15:50:43.209,112349.6972
A,14.80,23.75,11.32,11.45,100.00,,iButen,02/09/2023,15:50:43.522,112662.2212
A,14.80,23.75,11.88,12.02,100.00,,iButen,02/09/2023,15:50:43.834,112974.5417
A,14.80,23.75,11.73,11.86,100.00,,iButen,02/09/2023,15:50:44.147,113287.4407
A,14.80,23.75,10.66,10.78,100.00,,iButen,02/09/2023,15:50:44.459,113598.9079
A,14.80,23.75,10.66,10.78,100.00,,iButen,02/09/2023,15:50:44.772,113912.3754
A,14.80,23.75,11.38,11.51,100.00,,iButen,02/09/2023,15:50:45.084,114224.8558
A,14.80,23.75,11.47,11.60,100.00,,iButen,02/09/2023,15:50:45.397,114537.1487
A,14.80,23.75,12.20,12.34,100.00,,iButen,02/09/2023,15:50:45.709,114850.2397
A,14.80,23.75,14.30,14.46,100.00,,iButen,02/09/2023,15:50:46.022,115162.4758
A,14.80,23.75,12.79,12.92,100.00,,iButen,02/09/2023,15:50:46.334,115473.4716
A,14.80,23.75,11.55,11.68,100.00,,iButen,02/09/2023,15:50:46.647,115787.5517
A,14.80,23.75,11.55,11.68,100.00,,iButen,02/09/2023,15:50:46.959,116100.0393
A,14.80,23.75,11.68,11.80,100.00,,iButen,02/09/2023,15:50:47.272,116411.0466
A,14.80,23.75,10.83,10.95,100.00,,iButen,02/09/2023,15:50:47.585,116725.151
A,14.80,23.75,11.56,11.69,100.00,,iButen,02/09/2023,15:50:47.897,117037.7168
A,14.80,23.75,11.03,11.15,100.00,,iButen,02/09/2023,15:50:48.210,117350.1924
A,14.80,23.75,11.77,11.90,100.00,,iButen,02/09/2023,15:50:48.522,117662.829
A,14.80,23.75,11.77,11.90,100.00,,iButen,02/09/2023,15:50:48.835,117973.8434
A,14.80,23.75,14.00,14.16,100.00,,iButen,02/09/2023,15:50:49.147,118287.5272
A,14.80,23.75,14.15,14.31,100.00,,iButen,02/09/2023,15:50:49.460,118598.8376
A,14.80,23.75,12.84,12.98,100.00,,iButen,02/09/2023,15:50:49.772,118912.8228
A,14.80,23.75,13.05,13.21,100.00,,iButen,02/09/2023,15:50:50.085,119224.3107
A,14.80,23.75,13.02,13.17,100.00,,iButen,02/09/2023,15:50:50.397,119536.6851
A,14.80,23.75,12.19,12.32,100.00,,iButen,02/09/2023,15:50:50.710,119850.7901
A,14.80,23.75,12.08,12.21,100.00,,iButen,02/09/2023,15:50:51.023,120161.9281
A,14.80,23.75,12.08,12.21,100.00,,iButen,02/09/2023,15:50:51.335,120474.657
A,14.80,23.75,11.63,11.77,100.00,,iButen,02/09/2023,15:50:51.648,120788.4784
A,14.80,23.75,11.50,11.63,100.00,,iButen,02/09/2023,15:50:51.960,121100.7043
A,14.80,23.75,10.17,10.29,100.00,,iButen,02/09/2023,15:50:52.273,121413.4602
A,14.80,23.75,10.11,10.21,100.00,,iButen,02/09/2023,15:50:52.585,121725.8424
A,14.80,23.75,7.80,7.89,100.00,,iButen,02/09/2023,15:50:52.898,122037.3075
A,14.80,23.75,8.90,9.00,100.00,,iButen,02/09/2023,15:50:53.211,122351.1244
A,14.80,23.75,10.01,10.12,100.00,,iButen,02/09/2023,15:50:53.523,122663.7055
A,14.80,23.75,10.01,10.12,100.00,,iButen,02/09/2023,15:50:53.836,122974.7803
A,14.80,23.75,10.27,10.39,100.00,,iButen,02/09/2023,15:50:54.149,123289.0728
A,14.80,23.75,9.87,9.98,100.00,,iButen,02/09/2023,15:50:54.461,123600.7609
A,14.80,23.75,9.61,9.71,100.00,,iButen,02/09/2023,15:50:54.774,123914.2197
A,14.80,23.75,11.05,11.18,100.00,,iButen,02/09/2023,15:50:55.086,124225.5535
A,14.80,23.75,9.78,9.89,100.00,,iButen,02/09/2023,15:50:55.399,124537.8704
A,14.80,23.75,9.81,9.93,100.00,,iButen,02/09/2023,15:50:55.711,124850.2574
A,14.80,23.75,9.81,9.93,100.00,,iButen,02/09/2023,15:50:56.024,125164.1182
A,14.80,23.75,10.68,10.79,100.00,,iButen,02/09/2023,15:50:56.336,125475.3793
A,14.80,23.75,10.03,10.14,100.00,,iButen,02/09/2023,15:50:56.649,125789.32
A,14.80,23.75,10.23,10.34,100.00,,iButen,02/09/2023,15:50:56.962,126102.1697
A,14.80,23.75,9.46,9.56,100.00,,iButen,02/09/2023,15:50:57.274,126414.9247
A,14.80,23.75,8.67,8.76,100.00,,iButen,02/09/2023,15:50:57.587,126727.0836
A,14.80,23.75,8.32,8.41,100.00,,iButen,02/09/2023,15:50:57.899,127038.4905
A,14.80,23.75,10.09,10.21,100.00,,iButen,02/09/2023,15:50:58.212,127352.4609
A,14.80,23.75,11.00,11.12,100.00,,iButen,02/09/2023,15:50:58.525,127665.17
A,14.80,23.75,10.66,10.79,100.00,,iButen,02/09/2023,15:50:58.837,127977.5936
A,14.80,23.75,10.66,10.79,100.00,,iButen,02/09/2023,15:50:59.150,128290.1909
A,14.80,23.75,10.48,10.60,100.00,,iButen,02/09/2023,15:50:59.462,128601.3736
A,14.80,23.75,11.24,11.36,100.00,,iButen,02/09/2023,15:50:59.775,128915.2416
A,14.80,23.75,11.09,11.21,100.00,,iButen,02/09/2023,15:51:00.087,129227.3909
A,14.80,23.75,10.41,10.52,100.00,,iButen,02/09/2023,15:51:00.400,129539.1357
A,14.80,23.75,9.19,9.29,100.00,,iButen,02/09/2023,15:51:00.713,129854.1557
A,14.80,23.75,9.11,9.21,100.00,,iButen,02/09/2023,15:51:01.025,130165.1939
A,14.80,23.75,9.11,9.21,100.00,,iButen,02/09/2023,15:51:01.338,130478.2539
A,14.80,23.75,9.08,9.18,100.00,,iButen,02/09/2023,15:51:01.650,130790.8211
A,14.80,23.75,8.60,8.70,100.00,,iButen,02/09/2023,15:51:01.963,131102.3226
A,14.80,23.75,9.70,9.81,100.00,,iButen,02/09/2023,15:51:02.275,131415.9388
A,14.80,23.75,10.21,10.32,100.00,,iButen,02/09/2023,15:51:02.588,131726.7753
A,14.80,23.75,9.61,9.71,100.00,,iButen,02/09/2023,15:51:02.900,132039.6653
A,14.80,23.75,8.64,8.74,100.00,,iButen,02/09/2023,15:51:03.213,132353.5321
A,14.80,23.75,9.61,9.72,100.00,,iButen,02/09/2023,15:51:03.526,132665.9767
A,14.80,23.75,9.30,9.40,100.00,,iButen,02/09/2023,15:51:03.838,132978.3901
A,14.80,23.75,9.30,9.40,100.00,,iButen,02/09/2023,15:51:04.151,133290.8057
A,14.80,23.75,8.48,8.58,100.00,,iButen,02/09/2023,15:51:04.463,133602.72
A,14.80,23.75,8.98,9.09,100.00,,iButen,02/09/2023,15:51:04.776,133916.1616
A,14.80,23.75,9.86,9.97,100.00,,iButen,02/09/2023,15:51:05.088,134228.709
A,14.80,23.75,9.83,9.95,100.00,,iButen,02/09/2023,15:51:05.401,134539.8971
A,14.80,23.75,10.04,10.16,100.00,,iButen,02/09/2023,15:51:05.713,134853.5794
A,14.80,23.75,10.86,10.98,100.00,,iButen,02/09/2023,15:51:06.026,135166.3212
A,14.80,23.75,10.50,10.62,100.00,,iButen,02/09/2023,15:51:06.338,135478.7929
A,14.80,23.75,10.50,10.62,100.00,,iButen,02/09/2023,15:51:06.651,135791.3689
A,14.80,23.75,9.14,9.24,100.00,,iButen,02/09/2023,15:51:06.963,136102.9957
A,14.80,23.75,9.42,9.53,100.00,,iButen,02/09/2023,15:51:07.276,136414.8286
A,14.80,23.75,10.20,10.32,100.00,,iButen,02/09/2023,15:51:07.589,136728.9691
A,14.80,23.75,9.96,10.07,100.00,,iButen,02/09/2023,15:51:07.901,137040.2398
A,14.80,23.75,9.81,9.93,100.00,,iButen,02/09/2023,15:51:08.214,137354.0516
A,14.80,23.75,9.33,9.44,100.00,,iButen,02/09/2023,15:51:08.526,137665.3713
A,14.80,23.75,9.33,9.44,100.00,,iButen,02/09/2023,15:51:08.839,137977.736
A,14.80,23.75,7.84,7.94,100.00,,iButen,02/09/2023,15:51:09.151,138291.8549
A,14.80,23.75,9.87,9.99,100.00,,iButen,02/09/2023,15:51:09.464,138603.1575
A,14.80,23.75,10.43,10.55,100.00,,iButen,02/09/2023,15:51:09.776,138916.938
A,14.80,23.75,11.33,11.46,100.00,,iButen,02/09/2023,15:51:10.089,139229.739
A,14.80,23.75,11.95,12.09,100.00,,iButen,02/09/2023,15:51:10.402,139542.9171
A,14.80,23.76,11.23,11.36,100.00,,iButen,02/09/2023,15:51:10.714,139854.9084
A,14.80,23.76,11.28,11.41,100.00,,iButen,02/09/2023,15:51:11.027,140166.1602
A,14.80,23.76,11.28,11.41,100.00,,iButen,02/09/2023,15:51:11.340,140478.6628
A,14.80,23.76,11.08,11.20,100.00,,iButen,02/09/2023,15:51:11.652,140792.4917
A,14.80,23.76,11.73,11.86,100.00,,iButen,02/09/2023,15:51:11.965,141105.0019
A,14.80,23.76,12.20,12.34,100.00,,iButen,02/09/2023,15:51:12.277,141417.571
A,14.80,23.76,13.50,13.65,100.00,,iButen,02/09/2023,15:51:12.590,141728.8564
A,14.80,23.76,12.43,12.57,100.00,,iButen,02/09/2023,15:51:12.902,142041.5117
A,14.80,23.76,13.39,13.54,100.00,,iButen,02/09/2023,15:51:13.215,142355.1453
A,14.80,23.76,11.81,11.95,100.00,,iButen,02/09/2023,15:51:13.527,142666.0774
A,14.80,23.76,11.81,11.95,100.00,,iButen,02/09/2023,15:51:13.840,142980.1849
A,14.80,23.76,12.34,12.48,100.00,,iButen,02/09/2023,15:51:14.152,143291.8002
A,14.80,23.76,13.04,13.18,100.00,,iButen,02/09/2023,15:51:14.465,143604.4441
A,14.80,23.76,13.36,13.51,100.00,,iButen,02/09/2023,15:51:14.778,143918.1234
A,14.80,23.76,12.20,12.33,100.00,,iButen,02/09/2023,15:51:15.090,144230.6365
A,14.80,23.76,12.11,12.24,100.00,,iButen,02/09/2023,15:51:15.403,144541.9024
A,14.80,23.76,11.88,12.01,100.00,,iButen,02/09/2023,15:51:15.715,144854.8011
A,14.80,23.76,12.64,12.80,100.00,,iButen,02/09/2023,15:51:16.028,145167.6818
A,14.80,23.76,12.64,12.80,100.00,,iButen,02/09/2023,15:51:16.340,145481.227
A,14.80,23.76,12.66,12.80,100.00,,iButen,02/09/2023,15:51:16.653,145793.3385
A,14.80,23.76,12.38,12.52,100.00,,iButen,02/09/2023,15:51:16.965,146105.821
A,14.80,23.76,9.95,10.07,100.00,,iButen,02/09/2023,15:51:17.278,146417.1524
A,14.80,23.76,10.24,10.36,100.00,,iButen,02/09/2023,15:51:17.591,146730.8984
A,14.80,23.76,10.85,10.98,100.00,,iButen,02/09/2023,15:51:17.903,147042.3659
A,14.80,23.76,10.88,11.00,100.00,,iButen,02/09/2023,15:51:18.216,147355.9749
A,14.80,23.76,12.47,12.61,100.00,,iButen,02/09/2023,15:51:18.528,147668.1774
A,14.80,23.76,12.63,12.77,100.00,,iButen,02/09/2023,15:51:18.841,147981.0403
A,14.80,23.76,11.72,11.85,100.00,,iButen,02/09/2023,15:51:19.153,148293.5979
A,14.80,23.76,11.22,11.34,100.00,,iButen,02/09/2023,15:51:19.466,148604.5369
A,14.80,23.76,11.22,11.34,100.00,,iButen,02/09/2023,15:51:19.778,148917.069
A,14.80,23.76,12.22,12.36,100.00,,iButen,02/09/2023,15:51:20.091,149230.9668
A,14.80,23.76,13.05,13.20,100.00,,iButen,02/09/2023,15:51:20.403,149542.6185
A,14.80,23.76,12.59,12.72,100.00,,iButen,02/09/2023,15:51:20.716,149856.4011
A,14.80,23.76,13.00,13.14,100.00,,iButen,02/09/2023,15:51:21.028,150168.6057
A,14.80,23.76,12.58,12.72,100.00,,iButen,02/09/2023,15:51:21.341,150481.319
A,14.80,23.76,12.45,12.59,100.00,,iButen,02/09/2023,15:51:21.653,150793.8249
A,14.80,23.76,14.01,14.16,100.00,,iButen,02/09/2023,15:51:21.966,151106.3814
A,14.80,23.76,14.01,14.16,100.00,,iButen,02/09/2023,15:51:22.279,151418.9114
A,14.80,23.76,13.11,13.25,100.00,,iButen,02/09/2023,15:51:22.591,151730.0156
A,14.80,23.76,13.64,13.79,100.00,,iButen,02/09/2023,15:51:22.904,152042.6754
A,14.80,23.76,13.57,13.72,100.00,,iButen,02/09/2023,15:51:23.216,152356.2751
A,14.80,23.76,12.38,12.51,100.00,,iButen,02/09/2023,15:51:23.529,152668.9316
A,14.80,23.76,11.71,11.84,100.00,,iButen,02/09/2023,15:51:23.841,152981.5748
A,14.80,23.76,13.06,13.21,100.00,,iButen,02/09/2023,15:51:24.154,153292.5832
A,14.80,23.76,12.48,12.62,100.00,,iButen,02/09/2023,15:51:24.466,153606.6165
A,14.80,23.76,11.25,11.38,100.00,,iButen,02/09/2023,15:51:24.779,153919.0284
A,14.80,23.76,11.20,11.32,100.00,,iButen,02/09/2023,15:51:25.091,154231.5088
A,14.80,23.76,11.20,11.32,100.00,,iButen,02/09/2023,15:51:25.404,154542.7468
A,14.80,23.76,11.88,12.01,100.00,,iButen,02/09/2023,15:51:25.716,154855.8687
A,14.80,23.76,12.91,13.05,100.00,,iButen,02/09/2023,15:51:26.029,155169.0351
A,14.80,23.76,12.30,12.43,100.00,,iButen,02/09/2023,15:51:26.342,155481.8475
A,14.80,23.76,12.40,12.54,100.00,,iButen,02/09/2023,15:51:26.654,155794.2134
A,14.80,23.76,11.68,11.81,100.00,,iButen,02/09/2023,15:51:26.967,156106.9348
A,14.80,23.76,11.15,11.28,100.00,,iButen,02/09/2023,15:51:27.279,156418.3444
A,14.80,23.76,11.21,11.34,100.00,,iButen,02/09/2023,15:51:27.592,156731.9518
A,14.80,23.76,10.87,11.00,100.00,,iButen,02/09/2023,15:51:27.904,157043.2009
A,14.80,23.76,10.87,11.00,100.00,,iButen,02/09/2023,15:51:28.217,157355.5023
A,14.80,23.76,11.94,12.08,100.00,,iButen,02/09/2023,15:51:28.529,157669.6133
A,14.80,23.76,11.39,11.51,100.00,,iButen,02/09/2023,15:51:28.842,157980.6905
A,14.80,23.76,11.17,11.29,100.00,,iButen,02/09/2023,15:51:29.154,158294.6285
A,14.80,23.76,10.76,10.88,100.00,,iButen,02/09/2023,15:51:29.467,158606.938
A,14.80,23.76,9.62,9.72,100.00,,iButen,02/09/2023,15:51:29.779,158919.7023
A,14.80,23.76,8.66,8.76,100.00,,iButen,02/09/2023,15:51:30.092,159232.2861
A,14.80,23.76,9.30,9.40,100.00,,iButen,02/09/2023,15:51:30.404,159543.2422
A,14.80,23.76,8.95,9.05,100.00,,iButen,02/09/2023,15:51:30.717,159856.3365
A,14.80,23.76,9.90,10.01,100.00,,iButen,02/09/2023,15:51:31.030,160169.8686
A,14.80,23.76,9.90,10.01,100.00,,iButen,02/09/2023,15:51:31.342,160482.3715
A,14.80,23.76,10.34,10.46,100.00,,iButen,02/09/2023,15:51:31.655,160794.9547
A,14.80,23.76,11.67,11.80,100.00,,iButen,02/09/2023,15:51:31.967,161106.1656
A,14.80,23.76,11.40,11.52,100.00,,iButen,02/09/2023,15:51:32.280,161419.9176
A,14.80,23.76,10.74,10.86,100.00,,iButen,02/09/2023,15:51:32.592,161732.4074
A,14.80,23.76,11.63,11.76,100.00,,iButen,02/09/2023,15:51:32.905,162043.6168
A,14.80,23.76,12.68,12.82,100.00,,iButen,02/09/2023,15:51:33.217,162356.3562
A,14.80,23.76,12.68,12.82,100.00,,iButen,02/09/2023,15:51:33.530,162668.9583
A,14.80,23.76,11.90,12.03,100.00,,iButen,02/09/2023,15:51:33.843,162983.0351
A,14.80,23.76,12.20,12.33,100.00,,iButen,02/09/2023,15:51:34.156,163295.8881
A,14.80,23.76,12.34,12.47,100.00,,iButen,02/09/2023,15:51:34.468,163608.4746
A,14.80,23.76,12.18,12.31,100.00,,iButen,02/09/2023,15:51:34.781,163920.9292
A,14.80,23.76,11.57,11.70,100.00,,iButen,02/09/2023,15:51:35.093,164233.5865
A,14.80,23.76,12.07,12.20,100.00,,iButen,02/09/2023,15:51:35.405,164544.4606
A,14.80,23.76,11.71,11.84,100.00,,iButen,02/09/2023,15:51:35.718,164857.5687
A,14.80,23.76,11.71,11.84,100.00,,iButen,02/09/2023,15:51:36.031,165171.0699
A,14.80,23.76,11.96,12.09,100.00,,iButen,02/09/2023,15:51:36.343,165483.6362
A,14.80,23.76,13.43,13.59,100.00,,iButen,02/09/2023,15:51:36.656,165794.9463
A,14.80,23.76,12.18,12.31,100.00,,iButen,02/09/2023,15:51:36.968,166108.1499
A,14.80,23.76,11.04,11.15,100.00,,iButen,02/09/2023,15:51:37.281,166421.2541
A,14.80,23.76,10.94,11.07,100.00,,iButen,02/09/2023,15:51:37.593,166732.2184
A,14.80,23.76,11.44,11.56,100.00,,iButen,02/09/2023,15:51:37.906,167044.7967
A,14.80,23.76,9.30,9.40,100.00,,iButen,02/09/2023,15:51:38.218,167357.2717
A,14.80,23.76,10.16,10.27,100.00,,iButen,02/09/2023,15:51:38.531,167669.8495
A,14.80,23.76,10.16,10.27,100.00,,iButen,02/09/2023,15:51:38.843,167982.4372
A,14.80,23.76,10.32,10.44,100.00,,iButen,02/09/2023,15:51:39.156,168295.4233
A,14.80,23.76,9.82,9.93,100.00,,iButen,02/09/2023,15:51:39.547,168688.1845
A,14.80,23.76,10.20,10.32,100.00,,iButen,02/09/2023,15:51:39.859,168998.1214
A,14.80,23.76,10.54,10.66,100.00,,iButen,02/09/2023,15:51:40.172,169310.6863
A,14.80,23.76,10.46,10.58,100.00,,iButen,02/09/2023,15:51:40.484,169624.3851
A,14.80,23.76,10.97,11.10,100.00,,iButen,02/09/2023,15:51:40.797,169935.6958
A,14.80,23.76,10.25,10.37,100.00,,iButen,02/09/2023,15:51:41.109,170249.1383
A,14.80,23.76,11.13,11.26,100.00,,iButen,02/09/2023,15:51:41.422,170560.9949
A,14.80,23.76,11.13,11.26,100.00,,iButen,02/09/2023,15:51:41.734,170873.2007
A,14.80,23.76,10.99,11.11,100.00,,iButen,02/09/2023,15:51:42.047,171186.0321
A,14.80,23.76,10.47,10.59,100.00,,iButen,02/09/2023,15:51:42.359,171499.7561
A,14.80,23.76,9.72,9.84,100.00,,iButen,02/09/2023,15:51:42.672,171812.0623
A,14.80,23.76,10.40,10.52,100.00,,iButen,02/09/2023,15:51:42.985,172124.6662
A,14.80,23.76,10.94,11.06,100.00,,iButen,02/09/2023,15:51:43.297,172437.5934
A,14.80,23.76,9.90,10.02,100.00,,iButen,02/09/2023,15:51:43.610,172750.1889
A,14.80,23.76,10.07,10.18,100.00,,iButen,02/09/2023,15:51:43.922,173061.3163
A,14.80,23.76,10.07,10.18,100.00,,iButen,02/09/2023,15:51:44.235,173373.9478
A,14.80,23.76,10.10,10.21,100.00,,iButen,02/09/2023,15:51:44.548,173687.7972
A,14.80,23.76,9.48,9.59,100.00,,iButen,02/09/2023,15:51:44.860,174001.084
A,14.80,23.76,9.60,9.71,100.00,,iButen,02/09/2023,15:51:45.173,174311.4507
A,14.80,23.76,9.91,10.03,100.00,,iButen,02/09/2023,15:51:45.485,174624.0041
A,14.80,23.76,9.86,9.97,100.00,,iButen,02/09/2023,15:51:45.798,174937.9583
A,14.80,23.76,10.71,10.83,100.00,,iButen,02/09/2023,15:51:46.110,175250.4646
A,14.80,23.76,11.40,11.53,100.00,,iButen,02/09/2023,15:51:46.422,175561.3465
A,14.80,23.76,11.40,11.53,100.00,,iButen,02/09/2023,15:51:46.735,175873.9134
A,14.80,23.76,11.05,11.18,100.00,,iButen,02/09/2023,15:51:47.048,176188.105
A,14.80,23.76,10.32,10.44,100.00,,iButen,02/09/2023,15:51:47.360,176500.6272
A,14.80,23.76,9.86,9.97,100.00,,iButen,02/09/2023,15:51:47.673,176813.1512
A,14.80,23.76,9.00,9.09,100.00,,iButen,02/09/2023,15:51:47.985,177125.2839
A,14.80,23.76,7.63,7.72,100.00,,iButen,02/09/2023,15:51:48.298,177437.9747
A,14.80,23.76,7.97,8.06,100.00,,iButen,02/09/2023,15:51:48.610,177750.7147
A,14.80,23.76,8.18,8.28,100.00,,iButen,02/09/2023,15:51:48.923,178061.8986
A,14.80,23.76,8.59,8.69,100.00,,iButen,02/09/2023,15:51:49.236,178374.4806
A,14.80,23.76,8.59,8.69,100.00,,iButen,02/09/2023,15:51:49.548,178688.823
A,14.80,23.76,9.86,9.98,100.00,,iButen,02/09/2023,15:51:49.861,179000.8569
A,14.80,23.76,10.20,10.32,100.00,,iButen,02/09/2023,15:51:50.173,179313.4371
A,14.80,23.76,9.08,9.19,100.00,,iButen,02/09/2023,15:51:50.486,179624.7535
A,14.80,23.76,9.06,9.16,100.00,,iButen,02/09/2023,15:51:50.798,179938.4667
A,14.80,23.76,8.60,8.69,100.00,,iButen,02/09/2023,15:51:51.111,180249.6839
A,14.80,23.76,8.86,8.96,100.00,,iButen,02/09/2023,15:51:51.423,180562.2115
A,14.80,23.76,9.00,9.11,100.00,,iButen,02/09/2023,15:51:51.736,180874.703
A,14.80,23.76,9.00,9.11,100.00,,iButen,02/09/2023,15:51:52.049,181189.0148
A,14.80,23.76,7.63,7.71,100.00,,iButen,02/09/2023,15:51:52.361,181501.5142
A,14.80,23.76,8.05,8.14,100.00,,iButen,02/09/2023,15:51:52.674,181813.8543
A,14.80,23.76,7.59,7.67,100.00,,iButen,02/09/2023,15:51:52.986,182125.6298
A,14.80,23.76,7.95,8.04,100.00,,iButen,02/09/2023,15:51:53.299,182439.1306
A,14.80,23.76,8.41,8.51,100.00,,iButen,02/09/2023,15:51:53.611,182751.5882
A,14.80,23.76,9.25,9.35,100.00,,iButen,02/09/2023,15:51:53.924,183062.8354
A,14.80,23.76,8.51,8.60,100.00,,iButen,02/09/2023,15:51:54.236,183375.3014
A,14.80,23.76,8.51,8.60,100.00,,iButen,02/09/2023,15:51:54.549,183688.9627
A,14.80,23.76,8.98,9.08,100.00,,iButen,02/09/2023,15:51:54.862,184001.7932
A,14.80,23.76,9.51,9.62,100.00,,iButen,02/09/2023,15:51:55.174,184314.3048
A,14.80,23.76,9.66,9.77,100.00,,iButen,02/09/2023,15:51:55.487,184626.2321
A,14.80,23.76,10.63,10.75,100.00,,iButen,02/09/2023,15:51:55.799,184939.3612
A,14.80,23.76,10.30,10.41,100.00,,iButen,02/09/2023,15:51:56.112,185252.195
A,14.80,23.76,10.09,10.20,100.00,,iButen,02/09/2023,15:51:56.424,185563.2782
A,14.80,23.76,10.09,10.20,100.00,,iButen,02/09/2023,15:51:56.737,185877.321
A,14.80,23.76,9.72,9.83,100.00,,iButen,02/09/2023,15:51:57.050,186189.7465
A,14.80,23.76,10.72,10.84,100.00,,iButen,02/09/2023,15:51:57.362,186502.0403
A,14.80,23.76,10.59,10.70,100.00,,iButen,02/09/2023,15:51:57.675,186813.537
A,14.80,23.76,9.48,9.58,100.00,,iButen,02/09/2023,15:51:57.987,187126.3212
A,14.80,23.76,9.33,9.44,100.00,,iButen,02/09/2023,15:51:58.300,187440.2964
A,14.80,23.76,11.10,11.23,100.00,,iButen,02/09/2023,15:51:58.613,187752.8132
A,14.80,23.76,11.00,11.12,100.00,,iButen,02/09/2023,15:51:58.925,188065.2089
A,14.80,23.76,9.38,9.48,100.00,,iButen,02/09/2023,15:51:59.238,188377.6983
A,14.80,23.76,9.38,9.48,100.00,,iButen,02/09/2023,15:51:59.550,188691.6119
A,14.80,23.76,7.86,7.94,100.00,,iButen,02/09/2023,15:51:59.863,189002.9343
A,14.80,23.76,8.23,8.32,100.00,,iButen,02/09/2023,15:52:00.175,189315.2735
A,14.80,23.76,8.41,8.50,100.00,,iButen,02/09/2023,15:52:00.488,189628.095
A,14.80,23.76,9.19,9.30,100.00,,iButen,02/09/2023,15:52:00.800,189940.5526
A,14.80,23.76,8.83,8.92,100.00,,iButen,02/09/2023,15:52:01.113,190253.1757
A,14.80,23.76,9.41,9.51,100.00,,iButen,02/09/2023,15:52:01.425,190564.2084
A,14.80,23.76,8.90,9.00,100.00,,iButen,02/09/2023,15:52:01.738,190878.1482
A,14.80,23.76,8.90,9.00,100.00,,iButen,02/09/2023,15:52:02.050,191190.711
A,14.80,23.76,8.14,8.23,100.00,,iButen,02/09/2023,15:52:02.363,191503.2395
A,14.80,23.76,6.73,6.81,100.00,,iButen,02/09/2023,15:52:02.675,191815.518
A,14.80,23.76,6.28,6.35,100.00,,iButen,02/09/2023,15:52:02.988,192128.2415
A,14.80,23.76,6.25,6.32,100.00,,iButen,02/09/2023,15:52:03.301,192440.84
A,14.80,23.76,6.12,6.19,100.00,,iButen,02/09/2023,15:52:03.613,192753.2762
A,14.80,23.76,6.12,6.19,100.00,,iButen,02/09/2023,15:52:03.925,193064.2918
A,14.80,23.76,6.70,6.78,100.00,,iButen,02/09/2023,15:52:04.238,193378.2028
A,14.80,23.76,6.75,6.82,100.00,,iButen,02/09/2023,15:52:04.551,193690.9701
A,14.80,23.76,6.55,6.62,100.00,,iButen,02/09/2023,15:52:04.863,194003.4956
A,14.80,23.76,6.25,6.32,100.00,,iButen,02/09/2023,15:52:05.176,194316.0484
A,14.80,23.76,6.22,6.30,100.00,,iButen,02/09/2023,15:52:05.488,194627.9
A,14.80,23.76,7.13,7.21,100.00,,iButen,02/09/2023,15:52:05.801,194939.7569
A,14.80,23.76,6.05,6.11,100.00,,iButen,02/09/2023,15:52:06.113,195252.2812
A,14.80,23.76,6.05,6.11,100.00,,iButen,02/09/2023,15:52:06.426,195564.4587
A,14.80,23.76,6.95,7.04,100.00,,iButen,02/09/2023,15:52:06.739,195878.705
A,14.80,23.76,7.69,7.78,100.00,,iButen,02/09/2023,15:52:07.051,196189.6632
A,14.80,23.76,7.87,7.96,100.00,,iButen,02/09/2023,15:52:07.364,196503.597
A,14.80,23.76,6.61,6.68,100.00,,iButen,02/09/2023,15:52:07.676,196816.2995
A,14.80,23.76,7.32,7.41,100.00,,iButen,02/09/2023,15:52:07.989,197128.1642
A,14.80,23.76,8.35,8.45,100.00,,iButen,02/09/2023,15:52:08.301,197440.7784
A,14.80,23.76,8.82,8.91,100.00,,iButen,02/09/2023,15:52:08.614,197753.8315
A,14.80,23.76,8.82,8.91,100.00,,iButen,02/09/2023,15:52:08.926,198064.7954
A,14.80,23.76,7.76,7.84,100.00,,iButen,02/09/2023,15:52:09.239,198378.9603
A,14.80,23.76,7.17,7.25,100.00,,iButen,02/09/2023,15:52:09.551,198691.5305
A,14.80,23.76,8.20,8.30,100.00,,iButen,02/09/2023,15:52:09.864,199004.0395
A,14.80,23.76,8.63,8.72,100.00,,iButen,02/09/2023,15:52:10.176,199316.5665
A,14.80,23.76,8.95,9.05,100.00,,iButen,02/09/2023,15:52:10.489,199628.0718
A,14.80,23.76,9.68,9.79,100.00,,iButen,02/09/2023,15:52:10.801,199941.6748
A,14.80,23.76,10.55,10.67,100.00,,iButen,02/09/2023,15:52:11.114,200254.1853
A,14.80,23.76,10.55,10.67,100.00,,iButen,02/09/2023,15:52:11.426,200565.0386
A,14.80,23.76,8.85,8.95,100.00,,iButen,02/09/2023,15:52:11.739,200878.3066
A,14.80,23.76,8.41,8.51,100.00,,iButen,02/09/2023,15:52:12.052,201191.8281
A,14.80,23.76,9.38,9.48,100.00,,iButen,02/09/2023,15:52:12.364,201504.3401
A,14.80,23.76,9.71,9.82,100.00,,iButen,02/09/2023,15:52:12.676,201815.2478
A,14.80,23.76,10.05,10.17,100.00,,iButen,02/09/2023,15:52:12.989,202129.3884
A,14.80,23.76,10.07,10.18,100.00,,iButen,02/09/2023,15:52:13.302,202442.0382
A,14.80,23.76,10.07,10.18,100.00,,iButen,02/09/2023,15:52:13.614,202752.769
A,14.80,23.76,10.04,10.15,100.00,,iButen,02/09/2023,15:52:13.927,203065.6151
A,14.80,23.76,8.53,8.63,100.00,,iButen,02/09/2023,15:52:14.239,203379.4993
A,14.80,23.76,8.59,8.70,100.00,,iButen,02/09/2023,15:52:14.552,203692.0524
A,14.80,23.76,9.79,9.89,100.00,,iButen,02/09/2023,15:52:14.864,204004.6293
A,14.80,23.76,9.42,9.52,100.00,,iButen,02/09/2023,15:52:15.177,204315.9652
A,14.80,23.76,9.18,9.28,100.00,,iButen,02/09/2023,15:52:15.490,204629.1589
A,14.80,23.76,9.44,9.54,100.00,,iButen,02/09/2023,15:52:15.802,204942.1384
A,14.80,23.76,9.44,9.54,100.00,,iButen,02/09/2023,15:52:16.114,205254.9824
A,14.80,23.76,8.71,8.80,100.00,,iButen,02/09/2023,15:52:16.427,205566.1245
A,14.80,23.76,8.33,8.42,100.00,,iButen,02/09/2023,15:52:16.740,205879.811
A,14.80,23.76,8.53,8.63,100.00,,iButen,02/09/2023,15:52:17.052,206192.3263
A,14.80,23.76,7.38,7.46,100.00,,iButen,02/09/2023,15:52:17.365,206503.1851
A,14.80,23.76,7.14,7.21,100.00,,iButen,02/09/2023,15:52:17.677,206816.2081
A,14.80,23.76,6.39,6.46,100.00,,iButen,02/09/2023,15:52:17.990,207129.3039
A,14.80,23.76,6.39,6.46,100.00,,iButen,02/09/2023,15:52:18.302,207442.5304
A,14.80,23.76,7.25,7.34,100.00,,iButen,02/09/2023,15:52:18.615,207754.9306
A,14.80,23.76,7.78,7.87,100.00,,iButen,02/09/2023,15:52:18.927,208065.9068
A,14.80,23.76,7.89,7.98,100.00,,iButen,02/09/2023,15:52:19.240,208380.0426
A,14.80,23.76,7.75,7.84,100.00,,iButen,02/09/2023,15:52:19.552,208692.5146
A,14.80,23.76,8.11,8.21,100.00,,iButen,02/09/2023,15:52:19.865,209003.5332
A,14.80,23.76,8.69,8.79,100.00,,iButen,02/09/2023,15:52:20.177,209316.0076
A,14.80,23.76,9.27,9.38,100.00,,iButen,02/09/2023,15:52:20.490,209628.7112
A,14.80,23.76,9.27,9.38,100.00,,iButen,02/09/2023,15:52:20.802,209941.4062
A,14.80,23.76,8.98,9.09,100.00,,iButen,02/09/2023,15:52:21.115,210253.7274
A,14.80,23.76,8.78,8.88,100.00,,iButen,02/09/2023,15:52:21.427,210566.2405
A,14.80,23.76,9.11,9.21,100.00,,iButen,02/09/2023,15:52:21.740,210878.6891
A,14.80,23.76,8.49,8.59,100.00,,iButen,02/09/2023,15:52:22.053,211191.2918
A,14.80,23.76,7.62,7.70,100.00,,iButen,02/09/2023,15:52:22.365,211503.789
A,14.80,23.76,7.48,7.56,100.00,,iButen,02/09/2023,15:52:22.678,211816.612
A,14.80,23.76,7.48,7.56,100.00,,iButen,02/09/2023,15:52:22.990,212128.7114
A,14.80,23.76,7.27,7.35,100.00,,iButen,02/09/2023,15:52:23.303,212441.4343
A,14.80,23.76,7.71,7.80,100.00,,iButen,02/09/2023,15:52:23.615,212753.8128
A,14.80,23.76,7.95,8.04,100.00,,iButen,02/09/2023,15:52:23.928,213066.3515
A,14.80,23.76,8.15,8.25,100.00,,iButen,02/09/2023,15:52:24.240,213379.0429
A,14.80,23.76,7.58,7.67,100.00,,iButen,02/09/2023,15:52:24.553,213691.4344
A,14.80,23.76,7.34,7.43,100.00,,iButen,02/09/2023,15:52:24.866,214004.6107
A,14.80,23.76,7.34,7.43,100.00,,iButen,02/09/2023,15:52:25.178,214318.1139
A,14.80,23.76,6.70,6.77,100.00,,iButen,02/09/2023,15:52:25.491,214630.8446
A,14.80,23.76,6.52,6.58,100.00,,iButen,02/09/2023,15:52:25.803,214943.2174
A,14.80,23.76,6.13,6.20,100.00,,iButen,02/09/2023,15:52:26.116,215254.1273
A,14.80,23.76,6.47,6.55,100.00,,iButen,02/09/2023,15:52:26.428,215567.004
A,14.80,23.76,6.18,6.25,100.00,,iButen,02/09/2023,15:52:26.741,215880.8077
A,14.80,23.76,5.43,5.48,100.00,,iButen,02/09/2023,15:52:27.053,216193.1526
A,14.80,23.76,5.31,5.38,100.00,,iButen,02/09/2023,15:52:27.366,216504.5693
A,14.80,23.76,5.91,5.98,100.00,,iButen,02/09/2023,15:52:27.678,216818.4271
A,14.80,23.76,5.91,5.98,100.00,,iButen,02/09/2023,15:52:27.991,217130.4953
A,14.80,23.76,6.29,6.36,100.00,,iButen,02/09/2023,15:52:28.303,217443.5195
A,14.80,23.76,7.38,7.46,100.00,,iButen,02/09/2023,15:52:28.616,217755.7283
A,14.80,23.76,7.32,7.41,100.00,,iButen,02/09/2023,15:52:28.929,218067.2382
A,14.80,23.76,6.69,6.77,100.00,,iButen,02/09/2023,15:52:29.241,218381.1239
A,14.80,23.76,6.88,6.96,100.00,,iButen,02/09/2023,15:52:29.554,218693.6647
A,14.80,23.76,7.01,7.09,100.00,,iButen,02/09/2023,15:52:29.866,219005.046
A,14.80,23.76,7.53,7.62,100.00,,iButen,02/09/2023,15:52:30.179,219318.7013
A,14.80,23.76,8.60,8.70,100.00,,iButen,02/09/2023,15:52:30.491,219630.6502
A,14.80,23.76,8.60,8.70,100.00,,iButen,02/09/2023,15:52:30.804,219943.806
A,14.80,23.76,8.51,8.61,100.00,,iButen,02/09/2023,15:52:31.116,220256.3147
A,14.80,23.76,7.04,7.12,100.00,,iButen,02/09/2023,15:52:31.429,220567.2276
A,14.80,23.76,6.11,6.18,100.00,,iButen,02/09/2023,15:52:31.741,220881.3416
A,14.80,23.76,5.89,5.96,100.00,,iButen,02/09/2023,15:52:32.054,221193.8939
A,14.80,23.76,5.31,5.37,100.00,,iButen,02/09/2023,15:52:32.366,221505.2818
A,14.80,23.76,3.92,3.96,100.00,,iButen,02/09/2023,15:52:32.679,221818.9719
A,14.80,23.76,3.92,3.96,100.00,,iButen,02/09/2023,15:52:32.992,222131.0638
A,14.80,23.76,4.07,4.12,100.00,,iButen,02/09/2023,15:52:33.304,222444.0532
A,14.80,23.76,4.17,4.21,100.00,,iButen,02/09/2023,15:52:33.617,222755.4291
A,14.80,23.76,4.52,4.57,100.00,,iButen,02/09/2023,15:52:33.929,223067.7616
A,14.80,23.76,4.79,4.84,100.00,,iButen,02/09/2023,15:52:34.242,223381.4995
A,14.80,23.76,5.00,5.06,100.00,,iButen,02/09/2023,15:52:34.554,223694.1143
A,14.80,23.76,5.32,5.39,100.00,,iButen,02/09/2023,15:52:34.867,224006.5033
A,14.80,23.76,5.82,5.88,100.00,,iButen,02/09/2023,15:52:35.179,224319.2491
A,14.80,23.76,5.08,5.14,100.00,,iButen,02/09/2023,15:52:35.492,224631.4635
A,14.80,23.76,4.65,4.70,100.00,,iButen,02/09/2023,15:52:35.804,224944.3018
A,14.80,23.76,3.51,3.55,100.00,,iButen,02/09/2023,15:52:36.117,225256.8237
A,14.80,23.76,3.51,3.55,100.00,,iButen,02/09/2023,15:52:36.429,225568.0394
A,14.80,23.76,3.60,3.64,100.00,,iButen,02/09/2023,15:52:36.742,225881.9035
A,14.80,23.76,4.28,4.33,100.00,,iButen,02/09/2023,15:52:37.054,226194.2655
A,14.80,23.76,4.82,4.88,100.00,,iButen,02/09/2023,15:52:37.367,226506.788
A,14.80,23.76,4.79,4.86,100.00,,iButen,02/09/2023,15:52:37.679,226819.4232
A,14.80,23.76,3.96,4.00,100.00,,iButen,02/09/2023,15:52:37.992,227131.4952
A,14.80,23.76,3.78,3.82,100.00,,iButen,02/09/2023,15:52:38.305,227444.542
A,14.80,23.76,3.78,3.82,100.00,,iButen,02/09/2023,15:52:38.617,227757.1372
A,14.80,23.76,4.11,4.16,100.00,,iButen,02/09/2023,15:52:38.930,228068.4663
A,14.80,23.76,3.85,3.89,100.00,,iButen,02/09/2023,15:52:39.242,228382.1768
A,14.80,23.76,3.44,3.48,100.00,,iButen,02/09/2023,15:52:39.555,228694.6278
A,14.80,23.76,2.68,2.71,100.00,,iButen,02/09/2023,15:52:39.867,229007.1112
A,14.80,23.76,3.30,3.34,100.00,,iButen,02/09/2023,15:52:40.180,229319.8269
A,14.80,23.76,4.02,4.07,100.00,,iButen,02/09/2023,15:52:40.492,229632.2514
A,14.80,23.76,4.02,4.07,100.00,,iButen,02/09/2023,15:52:40.805,229943.2168
A,14.80,23.76,4.00,4.04,100.00,,iButen,02/09/2023,15:52:41.117,230257.3093
A,14.80,23.76,3.77,3.82,100.00,,iButen,02/09/2023,15:52:41.430,230568.6214
A,14.80,23.76,3.40,3.43,100.00,,iButen,02/09/2023,15:52:41.742,230880.8468
A,14.80,23.76,3.12,3.16,100.00,,iButen,02/09/2023,15:52:42.055,231193.5333
A,14.80,23.76,2.56,2.59,100.00,,iButen,02/09/2023,15:52:42.368,231506.2577
A,14.80,23.76,2.52,2.54,100.00,,iButen,02/09/2023,15:52:42.680,231818.9484
A,14.80,23.76,4.16,4.21,100.00,,iButen,02/09/2023,15:52:42.993,232131.229
A,14.80,23.76,4.16,4.21,100.00,,iButen,02/09/2023,15:52:43.305,232444.6664
A,14.80,23.76,5.40,5.45,100.00,,iButen,02/09/2023,15:52:43.618,232757.6429
A,14.80,23.76,4.91,4.96,100.00,,iButen,02/09/2023,15:52:43.930,233068.7974
A,14.80,23.76,4.06,4.11,100.00,,iButen,02/09/2023,15:52:44.243,233381.6278
A,14.80,23.76,3.66,3.70,100.00,,iButen,02/09/2023,15:52:44.556,233696.1202
A,14.80,23.76,3.57,3.61,100.00,,iButen,02/09/2023,15:52:44.868,234008.0742
A,14.80,23.76,3.71,3.76,100.00,,iButen,02/09/2023,15:52:45.181,234321.011
A,14.80,23.76,3.36,3.40,100.00,,iButen,02/09/2023,15:52:45.494,234632.6663
A,14.80,23.76,3.36,3.40,100.00,,iButen,02/09/2023,15:52:45.806,234944.3559
A,14.80,23.76,4.14,4.20,100.00,,iButen,02/09/2023,15:52:46.118,235258.2623
A,14.80,23.76,4.44,4.49,100.00,,iButen,02/09/2023,15:52:46.431,235569.4979
A,14.80,23.76,4.77,4.82,100.00,,iButen,02/09/2023,15:52:46.744,235882.5156
A,14.80,23.76,3.22,3.25,100.00,,iButen,02/09/2023,15:52:47.056,236196.0104
A,14.80,23.76,2.61,2.64,100.00,,iButen,02/09/2023,15:52:47.369,236508.5659
A,14.80,23.76,3.42,3.46,100.00,,iButen,02/09/2023,15:52:47.681,236821.0965
A,14.80,23.76,4.14,4.19,100.00,,iButen,02/09/2023,15:52:47.994,237132.902
A,14.80,23.76,4.09,4.13,100.00,,iButen,02/09/2023,15:52:48.306,237444.8975
A,14.80,23.76,4.09,4.13,100.00,,iButen,02/09/2023,15:52:48.619,237759.0368
A,14.80,23.76,3.17,3.21,100.00,,iButen,02/09/2023,15:52:48.932,238070.5855
A,14.80,23.76,2.22,2.25,100.00,,iButen,02/09/2023,15:52:49.245,238384.3471
A,14.80,23.76,1.91,1.93,100.00,,iButen,02/09/2023,15:52:49.557,238697.4486
A,14.80,23.76,2.51,2.54,100.00,,iButen,02/09/2023,15:52:49.870,239009.5089
A,14.80,23.76,2.80,2.84,100.00,,iButen,02/09/2023,15:52:50.182,239321.9881
A,14.80,23.76,2.93,2.96,100.00,,iButen,02/09/2023,15:52:50.495,239634.5668
A,14.80,23.76,2.75,2.78,100.00,,iButen,02/09/2023,15:52:50.807,239945.8631
A,14.80,23.76,2.75,2.78,100.00,,iButen,02/09/2023,15:52:51.120,240259.9483
A,14.80,23.76,2.77,2.80,100.00,,iButen,02/09/2023,15:52:51.433,240571.2439
A,14.80,23.76,3.08,3.12,100.00,,iButen,02/09/2023,15:52:51.745,240885.0209
A,14.80,23.76,3.73,3.77,100.00,,iButen,02/09/2023,15:52:52.058,241197.5467
A,14.80,23.76,3.34,3.38,100.00,,iButen,02/09/2023,15:52:52.370,241510.0761
A,14.80,23.76,2.88,2.91,100.00,,iButen,02/09/2023,15:52:52.683,241822.6253
A,14.80,23.76,4.36,4.41,100.00,,iButen,02/09/2023,15:52:52.995,242135.0228
A,14.80,23.76,4.53,4.58,100.00,,iButen,02/09/2023,15:52:53.308,242447.6934
A,14.80,23.76,4.53,4.58,100.00,,iButen,02/09/2023,15:52:53.620,242760.1383
A,14.80,23.76,4.91,4.96,100.00,,iButen,02/09/2023,15:52:53.933,243071.3562
A,14.80,23.76,3.35,3.39,100.00,,iButen,02/09/2023,15:52:54.245,243385.2602
A,14.80,23.76,3.72,3.77,100.00,,iButen,02/09/2023,15:52:54.558,243697.2253
A,14.80,23.76,3.60,3.64,100.00,,iButen,02/09/2023,15:52:54.870,244010.3172
A,14.80,23.76,3.71,3.75,100.00,,iButen,02/09/2023,15:52:55.183,244322.94
A,14.80,23.76,3.06,3.09,100.00,,iButen,02/09/2023,15:52:55.496,244634.8096
A,14.80,23.76,2.49,2.51,100.00,,iButen,02/09/2023,15:52:55.808,244947.6452
A,14.80,23.76,2.49,2.51,100.00,,iButen,02/09/2023,15:52:56.121,245260.448
A,14.80,23.76,2.66,2.68,100.00,,iButen,02/09/2023,15:52:56.433,245571.6664
A,14.80,23.76,2.31,2.34,100.00,,iButen,02/09/2023,15:52:56.746,245885.5837
A,14.80,23.76,2.03,2.05,100.00,,iButen,02/09/2023,15:52:57.058,246197.8685
A,14.80,23.76,2.58,2.61,100.00,,iButen,02/09/2023,15:52:57.371,246510.631
A,14.80,23.76,2.47,2.50,100.00,,iButen,02/09/2023,15:52:57.683,246823.1283
A,14.80,23.76,2.13,2.16,100.00,,iButen,02/09/2023,15:52:57.996,247134.9146
A,14.80,23.76,2.53,2.56,100.00,,iButen,02/09/2023,15:52:58.308,247446.8878
A,14.80,23.76,3.21,3.24,100.00,,iButen,02/09/2023,15:52:58.621,247760.7173
A,14.80,23.76,3.21,3.24,100.00,,iButen,02/09/2023,15:52:58.933,248071.8504
A,14.80,23.76,2.59,2.62,100.00,,iButen,02/09/2023,15:52:59.246,248385.8497
A,14.80,23.76,2.16,2.18,100.00,,iButen,02/09/2023,15:52:59.559,248698.1703
A,14.80,23.76,2.21,2.23,100.00,,iButen,02/09/2023,15:52:59.871,249009.572
A,14.80,23.76,1.69,1.71,100.00,,iButen,02/09/2023,15:53:00.184,249323.4151
A,14.80,23.76,1.58,1.61,100.00,,iButen,02/09/2023,15:53:00.496,249635.9565
A,14.80,23.76,2.05,2.07,100.00,,iButen,02/09/2023,15:53:00.809,249948.4651
A,14.80,23.76,3.08,3.12,100.00,,iButen,02/09/2023,15:53:01.121,250260.9903
A,14.80,23.76,3.08,3.12,100.00,,iButen,02/09/2023,15:53:01.434,250572.5119
A,14.80,23.76,3.58,3.62,100.00,,iButen,02/09/2023,15:53:01.746,250886.364
A,14.80,23.76,3.75,3.79,100.00,,iButen,02/09/2023,15:53:02.059,251198.5872
A,14.80,23.76,3.96,4.01,100.00,,iButen,02/09/2023,15:53:02.371,251511.1304
A,14.80,23.76,2.54,2.57,100.00,,iButen,02/09/2023,15:53:02.684,251823.6283
A,14.80,23.76,2.82,2.85,100.00,,iButen,02/09/2023,15:53:02.996,252134.9251
A,14.80,23.76,2.82,2.85,100.00,,iButen,02/09/2023,15:53:03.309,252448.7504
A,14.80,23.76,3.14,3.17,100.00,,iButen,02/09/2023,15:53:03.621,252761.2774
A,14.80,23.76,3.01,3.04,100.00,,iButen,02/09/2023,15:53:03.934,253072.4754
A,14.80,23.76,2.86,2.88,100.00,,iButen,02/09/2023,15:53:04.247,253386.3407
A,14.80,23.76,2.05,2.07,100.00,,iButen,02/09/2023,15:53:04.559,253697.6496
A,14.80,23.76,2.06,2.08,100.00,,iButen,02/09/2023,15:53:04.872,254011.2769
A,14.80,23.76,3.30,3.33,100.00,,iButen,02/09/2023,15:53:05.184,254323.9487
A,14.80,23.76,3.18,3.21,100.00,,iButen,02/09/2023,15:53:05.497,254635.0962
A,14.80,23.76,3.18,3.21,100.00,,iButen,02/09/2023,15:53:05.809,254948.8536
A,14.80,23.76,2.66,2.69,100.00,,iButen,02/09/2023,15:53:06.122,255260.6051
A,14.80,23.76,3.24,3.28,100.00,,iButen,02/09/2023,15:53:06.434,255572.7649
A,14.80,23.76,4.13,4.18,100.00,,iButen,02/09/2023,15:53:06.747,255886.5923
A,14.80,23.76,3.43,3.46,100.00,,iButen,02/09/2023,15:53:07.059,256199.1689
A,14.80,23.76,2.87,2.90,100.00,,iButen,02/09/2023,15:53:07.372,256511.677
A,14.80,23.76,3.11,3.14,100.00,,iButen,02/09/2023,15:53:07.684,256824.1802
A,14.80,23.76,3.15,3.18,100.00,,iButen,02/09/2023,15:53:07.997,257135.4566
A,14.80,23.76,2.90,2.93,100.00,,iButen,02/09/2023,15:53:08.309,257449.1654
A,14.80,23.76,2.90,2.93,100.00,,iButen,02/09/2023,15:53:08.622,257761.8447
A,14.80,23.76,2.16,2.19,100.00,,iButen,02/09/2023,15:53:08.935,258072.9895
A,14.80,23.76,1.63,1.65,100.00,,iButen,02/09/2023,15:53:09.247,258385.5673
A,14.80,23.76,1.84,1.87,100.00,,iButen,02/09/2023,15:53:09.560,258699.3734
A,14.80,23.76,2.37,2.39,100.00,,iButen,02/09/2023,15:53:09.872,259012.0025
A,14.80,23.76,1.40,1.41,100.00,,iButen,02/09/2023,15:53:10.185,259324.5175
A,14.80,23.76,-0.77,-0.78,100.00,,iButen,02/09/2023,15:53:10.497,259635.9403
A,14.80,23.76,-0.77,-0.78,100.00,,iButen,02/09/2023,15:53:10.810,259949.6346
A,14.80,23.76,-0.38,-0.38,100.00,,iButen,02/09/2023,15:53:11.122,260260.8951
A,14.80,23.76,0.77,0.78,100.00,,iButen,02/09/2023,15:53:11.435,260573.0918
A,14.80,23.76,1.34,1.36,100.00,,iButen,02/09/2023,15:53:11.747,260886.9643
A,14.80,23.76,0.82,0.82,100.00,,iButen,02/09/2023,15:53:12.060,261199.6857
A,14.80,23.76,0.72,0.73,100.00,,iButen,02/09/2023,15:53:12.372,261511.9949
A,14.80,23.76,0.24,0.24,100.00,,iButen,02/09/2023,15:53:12.685,261824.5889
A,14.80,23.76,0.22,0.23,100.00,,iButen,02/09/2023,15:53:12.998,262135.9362
A,14.80,23.76,1.51,1.52,100.00,,iButen,02/09/2023,15:53:13.310,262449.8841
A,14.80,23.76,1.51,1.52,100.00,,iButen,02/09/2023,15:53:13.623,262762.3005
A,14.80,23.76,0.65,0.66,100.00,,iButen,02/09/2023,15:53:13.935,263075.2361
A,14.80,23.76,0.22,0.23,100.00,,iButen,02/09/2023,15:53:14.248,263387.2403
A,14.80,23.76,1.27,1.28,100.00,,iButen,02/09/2023,15:53:14.560,263698.8578
A,14.80,23.76,2.06,2.09,100.00,,iButen,02/09/2023,15:53:14.873,264012.492
A,14.80,23.76,2.33,2.36,100.00,,iButen,02/09/2023,15:53:15.185,264324.2861
A,14.80,23.76,1.97,1.99,100.00,,iButen,02/09/2023,15:53:15.498,264636.4565
A,14.80,23.76,1.35,1.36,100.00,,iButen,02/09/2023,15:53:15.810,264950.204
A,14.80,23.76,1.35,1.36,100.00,,iButen,02/09/2023,15:53:16.123,265262.7273
A,14.80,23.76,1.40,1.41,100.00,,iButen,02/09/2023,15:53:16.435,265573.6612
A,14.80,23.76,0.80,0.81,100.00,,iButen,02/09/2023,15:53:16.748,265887.8952
A,14.80,23.76,1.16,1.17,100.00,,iButen,02/09/2023,15:53:17.061,266200.4234
A,14.80,23.76,0.87,0.88,100.00,,iButen,02/09/2023,15:53:17.373,266512.6415
A,14.80,23.76,1.45,1.46,100.00,,iButen,02/09/2023,15:53:17.686,266825.4713
A,14.80,23.76,2.21,2.23,100.00,,iButen,02/09/2023,15:53:17.998,267136.9052
A,14.80,23.76,1.99,2.02,100.00,,iButen,02/09/2023,15:53:18.311,267450.5241
A,14.80,23.76,1.09,1.10,100.00,,iButen,02/09/2023,15:53:18.623,267763.0391
A,14.80,23.76,1.09,1.10,100.00,,iButen,02/09/2023,15:53:18.936,268073.9279
A,14.80,23.76,1.78,1.80,100.00,,iButen,02/09/2023,15:53:19.248,268388.0735
A,14.80,23.76,2.84,2.88,100.00,,iButen,02/09/2023,15:53:19.561,268700.7432
A,14.80,23.76,3.55,3.59,100.00,,iButen,02/09/2023,15:53:19.873,269013.2095
A,14.80,23.76,4.44,4.48,100.00,,iButen,02/09/2023,15:53:20.186,269325.7359
A,14.80,23.76,3.79,3.83,100.00,,iButen,02/09/2023,15:53:20.499,269636.9856
A,14.80,23.76,2.58,2.61,100.00,,iButen,02/09/2023,15:53:20.811,269950.6471
A,14.80,23.76,0.83,0.84,100.00,,iButen,02/09/2023,15:53:21.123,270261.6883
A,14.80,23.76,0.83,0.84,100.00,,iButen,02/09/2023,15:53:21.436,270574.4569
A,14.80,23.76,0.54,0.54,100.00,,iButen,02/09/2023,15:53:21.749,270888.2401
A,14.80,23.76,0.19,0.18,100.00,,iButen,02/09/2023,15:53:22.061,271200.9035
A,14.80,23.76,0.36,0.37,100.00,,iButen,02/09/2023,15:53:22.374,271513.4554
A,14.80,23.76,0.60,0.61,100.00,,iButen,02/09/2023,15:53:22.686,271824.4029
A,14.80,23.76,0.60,0.61,100.00,,iButen,02/09/2023,15:53:22.999,272136.8983
A,14.80,23.76,0.54,0.55,100.00,,iButen,02/09/2023,15:53:23.311,272451.0562
A,14.80,23.76,0.11,0.11,100.00,,iButen,02/09/2023,15:53:23.624,272763.4558
A,14.80,23.76,0.71,0.71,100.00,,iButen,02/09/2023,15:53:23.936,273076.1577
A,14.80,23.76,1.56,1.58,100.00,,iButen,02/09/2023,15:53:24.249,273388.5936
A,14.80,23.76,1.66,1.68,100.00,,iButen,02/09/2023,15:53:24.561,273700.005
A,14.80,23.76,1.68,1.70,100.00,,iButen,02/09/2023,15:53:24.874,274013.7083
A,14.80,23.76,1.14,1.15,100.00,,iButen,02/09/2023,15:53:25.187,274324.9514
A,14.80,23.76,1.14,1.15,100.00,,iButen,02/09/2023,15:53:25.499,274637.6016
A,14.80,23.76,0.20,0.20,100.00,,iButen,02/09/2023,15:53:25.812,274951.2935
A,14.80,23.76,-0.04,-0.04,100.00,,iButen,02/09/2023,15:53:26.124,275262.5419
A,14.80,23.76,0.75,0.77,100.00,,iButen,02/09/2023,15:53:26.437,275576.4298
A,14.80,23.76,1.16,1.17,100.00,,iButen,02/09/2023,15:53:26.749,275888.954
A,14.80,23.76,-0.37,-0.38,100.00,,iButen,02/09/2023,15:53:27.062,276201.4131
A,14.80,23.76,-1.32,-1.33,100.00,,iButen,02/09/2023,15:53:27.374,276513.9969
A,14.80,23.76,-1.25,-1.27,100.00,,iButen,02/09/2023,15:53:27.687,276825.1742
A,14.80,23.76,-1.25,-1.27,100.00,,iButen,02/09/2023,15:53:27.999,277137.7838
A,14.80,23.76,-1.14,-1.16,100.00,,iButen,02/09/2023,15:53:28.312,277451.6292
A,14.80,23.76,-1.29,-1.31,100.00,,iButen,02/09/2023,15:53:28.624,277764.1676
A,14.80,23.76,-1.48,-1.49,100.00,,iButen,02/09/2023,15:53:28.937,278075.4609
A,14.80,23.76,-0.81,-0.82,100.00,,iButen,02/09/2023,15:53:29.249,278389.057
A,14.80,23.76,0.28,0.28,100.00,,iButen,02/09/2023,15:53:29.562,278701.7504
A,14.80,23.76,0.28,0.28,100.00,,iButen,02/09/2023,15:53:29.874,279014.467
A,14.80,23.76,0.41,0.42,100.00,,iButen,02/09/2023,15:53:30.187,279326.8014
A,14.80,23.76,-0.75,-0.76,100.00,,iButen,02/09/2023,15:53:30.500,279638.0532
A,14.80,23.76,-1.49,-1.50,100.00,,iButen,02/09/2023,15:53:30.812,279951.1021
A,14.80,23.76,-0.99,-1.00,100.00,,iButen,02/09/2023,15:53:31.125,280264.4352
A,14.80,23.76,-0.81,-0.82,100.00,,iButen,02/09/2023,15:53:31.437,280575.873
A,14.80,23.76,-0.24,-0.24,100.00,,iButen,02/09/2023,15:53:31.750,280889.5054
A,14.80,23.76,-0.86,-0.87,100.00,,iButen,02/09/2023,15:53:32.062,281202.0228
A,14.80,23.76,-1.57,-1.59,100.00,,iButen,02/09/2023,15:53:32.375,281514.5483
A,14.80,23.76,-1.57,-1.59,100.00,,iButen,02/09/2023,15:53:32.687,281827.1828
A,14.80,23.76,-1.84,-1.86,100.00,,iButen,02/09/2023,15:53:33.000,282138.3189
A,14.80,23.76,-2.30,-2.33,100.00,,iButen,02/09/2023,15:53:33.312,282451.997
A,14.80,23.76,-2.44,-2.46,100.00,,iButen,02/09/2023,15:53:33.625,282764.6595
A,14.80,23.76,-1.07,-1.07,100.00,,iButen,02/09/2023,15:53:33.937,283076.8337
A,14.80,23.76,-1.06,-1.07,100.00,,iButen,02/09/2023,15:53:34.250,283389.7321
A,14.80,23.76,-1.74,-1.76,100.00,,iButen,02/09/2023,15:53:34.563,283702.4009
A,14.80,23.76,-1.74,-1.76,100.00,,iButen,02/09/2023,15:53:34.875,284013.1395
A,14.80,23.76,-1.65,-1.67,100.00,,iButen,02/09/2023,15:53:35.188,284327.3699
A,14.80,23.76,-0.78,-0.79,100.00,,iButen,02/09/2023,15:53:35.500,284639.9149
A,14.80,23.76,-0.69,-0.70,100.00,,iButen,02/09/2023,15:53:35.813,284952.4061
A,14.80,23.76,0.03,0.03,100.00,,iButen,02/09/2023,15:53:36.125,285263.4953
A,14.80,23.76,-0.34,-0.34,100.00,,iButen,02/09/2023,15:53:36.438,285577.302
A,14.80,23.76,-0.87,-0.88,100.00,,iButen,02/09/2023,15:53:36.750,285890.0144
A,14.80,23.76,-0.25,-0.25,100.00,,iButen,02/09/2023,15:53:37.063,286202.524
A,14.80,23.76,-0.25,-0.25,100.00,,iButen,02/09/2023,15:53:37.375,286513.4044
A,14.80,23.76,0.12,0.12,100.00,,iButen,02/09/2023,15:53:37.688,286826.2847
A,14.80,23.76,0.09,0.09,100.00,,iButen,02/09/2023,15:53:38.000,287138.9346
A,14.80,23.76,0.38,0.39,100.00,,iButen,02/09/2023,15:53:38.313,287452.7235
A,14.80,23.76,0.38,0.38,100.00,,iButen,02/09/2023,15:53:38.625,287765.2025
A,14.80,23.76,-0.20,-0.20,100.00,,iButen,02/09/2023,15:53:38.938,288077.7598
A,14.80,23.76,-0.51,-0.52,100.00,,iButen,02/09/2023,15:53:39.251,288389.0711
A,14.80,23.76,-0.30,-0.30,100.00,,iButen,02/09/2023,15:53:39.563,288702.7522
A,14.80,23.76,-0.30,-0.30,100.00,,iButen,02/09/2023,15:53:39.875,289013.7107
A,14.80,23.76,0.46,0.46,100.00,,iButen,02/09/2023,15:53:40.188,289327.6784
A,14.80,23.76,-0.39,-0.39,100.00,,iButen,02/09/2023,15:53:40.501,289639.1327
A,14.80,23.76,-0.78,-0.79,100.00,,iButen,02/09/2023,15:53:40.813,289952.9448
A,14.80,23.76,-0.95,-0.96,100.00,,iButen,02/09/2023,15:53:41.126,290265.5403
A,14.80,23.76,-1.25,-1.27,100.00,,iButen,02/09/2023,15:53:41.438,290578.0466
A,14.80,23.76,-1.56,-1.58,100.00,,iButen,02/09/2023,15:53:41.751,290890.5772
A,14.80,23.76,-1.45,-1.46,100.00,,iButen,02/09/2023,15:53:42.063,291203.109
A,14.80,23.76,-1.45,-1.46,100.00,,iButen,02/09/2023,15:53:42.376,291514.1231
A,14.80,23.76,-1.54,-1.56,100.00,,iButen,02/09/2023,15:53:42.688,291828.1482
A,14.80,23.76,-1.43,-1.45,100.00,,iButen,02/09/2023,15:53:43.001,292139.425
A,14.80,23.76,-0.98,-0.99,100.00,,iButen,02/09/2023,15:53:43.313,292453.2244
A,14.80,23.76,-1.66,-1.68,100.00,,iButen,02/09/2023,15:53:43.626,292764.3608
A,14.80,23.76,-2.59,-2.62,100.00,,iButen,02/09/2023,15:53:43.939,293077.1859
A,14.80,23.76,-2.59,-2.62,100.00,,iButen,02/09/2023,15:53:44.251,293390.8177
A,14.80,23.76,-2.36,-2.39,100.00,,iButen,02/09/2023,15:53:44.564,293702.8982
A,14.80,23.76,-2.18,-2.20,100.00,,iButen,02/09/2023,15:53:44.876,294015.9474
A,14.80,23.76,-1.69,-1.71,100.00,,iButen,02/09/2023,15:53:45.189,294328.4278
A,14.80,23.76,-1.45,-1.46,100.00,,iButen,02/09/2023,15:53:45.501,294639.7069
A,14.80,23.76,-1.70,-1.72,100.00,,iButen,02/09/2023,15:53:45.814,294953.4601
A,14.80,23.76,-0.98,-1.00,100.00,,iButen,02/09/2023,15:53:46.126,295264.7828
A,14.80,23.76,-0.38,-0.38,100.00,,iButen,02/09/2023,15:53:46.439,295578.6079
A,14.80,23.76,-0.38,-0.38,100.00,,iButen,02/09/2023,15:53:46.751,295891.0543
A,14.80,23.76,-0.61,-0.62,100.00,,iButen,02/09/2023,15:53:47.064,296203.6621
A,14.80,23.76,-0.73,-0.74,100.00,,iButen,02/09/2023,15:53:47.376,296516.1257
A,14.80,23.76,-1.50,-1.52,100.00,,iButen,02/09/2023,15:53:47.689,296828.7083
A,14.80,23.76,-2.12,-2.14,100.00,,iButen,02/09/2023,15:53:48.002,297139.9742
A,14.80,23.76,-2.20,-2.22,100.00,,iButen,02/09/2023,15:53:48.314,297453.7911
A,14.80,23.76,-2.42,-2.44,100.00,,iButen,02/09/2023,15:53:48.626,297764.7863
A,14.80,23.76,-2.42,-2.44,100.00,,iButen,02/09/2023,15:53:48.939,298078.8586
A,14.80,23.76,-2.05,-2.08,100.00,,iButen,02/09/2023,15:53:49.252,298391.348
A,14.80,23.76,-1.79,-1.81,100.00,,iButen,02/09/2023,15:53:49.564,298703.881
A,14.80,23.76,-2.31,-2.34,100.00,,iButen,02/09/2023,15:53:49.877,299015.1037
A,14.80,23.76,-2.54,-2.56,100.00,,iButen,02/09/2023,15:53:50.189,299328.9368
A,14.80,23.76,-2.55,-2.58,100.00,,iButen,02/09/2023,15:53:50.502,299640.0849
A,14.80,23.76,-2.66,-2.69,100.00,,iButen,02/09/2023,15:53:50.814,299953.8664
A,14.80,23.76,-3.15,-3.19,100.00,,iButen,02/09/2023,15:53:51.127,300265.2903
A,14.80,23.76,-3.43,-3.46,100.00,,iButen,02/09/2023,15:53:51.439,300579.0372
A,14.80,23.76,-3.43,-3.46,100.00,,iButen,02/09/2023,15:53:51.752,300891.5606
A,14.80,23.76,-2.68,-2.71,100.00,,iButen,02/09/2023,15:53:52.064,301204.1195
A,14.80,23.76,-1.00,-1.01,100.00,,iButen,02/09/2023,15:53:52.377,301516.6828
A,14.80,23.76,-0.51,-0.52,100.00,,iButen,02/09/2023,15:53:52.689,301829.2038
A,14.80,23.76,-0.90,-0.91,100.00,,iButen,02/09/2023,15:53:53.002,302141.1034
A,14.80,23.76,-0.84,-0.85,100.00,,iButen,02/09/2023,15:53:53.315,302454.3163
A,14.80,23.76,-1.16,-1.17,100.00,,iButen,02/09/2023,15:53:53.627,302766.066
A,14.80,23.76,-1.35,-1.36,100.00,,iButen,02/09/2023,15:53:53.940,303078.1176
